-0.76072,-0.18477,-0.25222,-0.28996,0.97275,-1.3264,-0.47553,0.024662
-1.0724,0.19684,-0.65948,-0.54756,1.2633,-1.1133,-0.22232,-0.20916
-1.1788,0.13832,-0.22513,-0.85492,1.2067,-1.1208,-0.31783,-0.45322
-0.87513,0.15375,-0.52391,-0.69528,0.95294,-0.92841,-0.30395,-0.16739
-0.92863,0.12085,-0.51141,-0.4938,1.1973,-1.1537,-0.44395,-0.66832
-1.0941,0.25371,-0.33774,-0.70012,0.89841,-1.3674,-0.37605,-0.21786
-0.83766,0.34446,-0.58574,-0.51877,1.1164,-1.0829,-0.4179,-0.47726
-1,0.17835,-0.56907,-0.48192,1.138,-1.0758,-0.0080836,-0.23253
-1.1765,0.1692,-0.32378,-0.4465,1.0166,-0.90479,-0.64165,-0.0032798
-1.1962,0.18994,-0.57935,-0.80454,1.143,-1.2222,-0.72715,-0.32388
-0.96252,0.017005,-0.36929,-0.50058,1.0601,-0.96433,-0.29997,-0.3106
-1.1712,0.26322,-0.45284,-0.50208,1.0241,-0.87597,-0.15736,-0.13953
-1.1151,0.30987,-0.36214,-0.78763,1.0226,-0.9925,-0.27457,-0.44565
-1.0796,0.12893,-0.6877,-0.76355,1.2511,-1.2506,-0.52061,-0.27729
-1.2343,-0.20401,-0.19479,-0.7185,0.89562,-0.87108,-0.35013,-0.23581
-1.352,0.24448,-0.52635,-0.70927,1.2466,-1.0498,-0.8382,0.0145
-1.232,-0.12833,-0.70133,-0.55178,0.97394,-0.9816,-0.43829,-0.41996
-1.0888,-0.15258,-0.54806,-0.53098,1.24,-0.98632,-0.34521,0.038185
-1.1896,0.19178,-0.14387,-0.98488,1.2313,-1.2278,-0.091063,-0.48425
-0.81237,0.040819,-0.62333,-0.61565,1.1036,-1.0635,-0.84657,-0.15094
-0.95507,0.15612,-0.32618,-0.40268,1.0032,-1.2572,-0.41827,-0.48677
-1.1686,0.055675,-0.36905,-0.76656,1.1371,-1.2267,-0.30447,-0.24464
-1.2812,0.10371,-0.44153,-0.77194,1.1772,-1.2997,-0.61154,-0.12136
-1.5364,0.28972,-0.53593,-0.67282,1.4149,-1.1278,-0.44593,-0.22968
-1.0631,0.011664,-0.29845,-0.55251,1.1493,-0.6979,-0.55247,-0.6449
-0.9889,0.24761,-0.45405,-0.44232,1.0832,-0.77399,-0.63883,-0.12492
-0.99313,0.015038,-0.63182,-0.42673,1.211,-1.0321,-0.27189,-0.039144
-1.1433,0.1031,-0.51419,-0.41187,1.4936,-1.1057,-0.44618,-0.35798
-1.39,0.22288,-0.57185,-0.9783,0.99587,-1.3195,-0.37491,-0.4338
-0.93544,0.15114,-0.67741,-0.49292,0.75815,-0.98296,-0.44035,-0.62023
-1.0459,0.07957,-0.23659,-0.1874,1.1664,-1.1151,-0.78984,-0.65534
-0.99766,0.11005,-0.37998,-0.51369,1.1894,-1.2729,-0.32873,-0.65211
-1.0839,0.37592,-0.71784,-0.37661,1.0188,-0.8197,-0.67304,-0.28684
-1.4631,0.17809,-0.58185,-0.63012,1.651,-1.1995,-0.79826,-0.15654
-0.91692,-0.035579,-0.72072,-0.82569,1.0731,-1.0833,-0.77797,-0.29601
-1.0704,-0.23809,-0.68833,-0.7761,0.85783,-0.95372,-0.26392,-0.27472
-1.6661,0.066193,-0.65473,-0.74651,1.0371,-1.2156,-0.70481,-0.24179
-1.0736,-0.036149,-0.59624,-0.79926,0.79659,-0.98287,-0.69876,-0.38483
-1.0808,0.43816,-0.63391,-0.57406,1.1258,-0.92858,-0.64297,-0.2239
-1.2078,0.05756,-0.93736,-0.51503,1.0742,-1.1992,-0.55333,-0.53478
-0.74882,0.25914,-0.6336,-1.0235,1.0965,-1.0665,-0.75014,-0.18686
-0.90597,0.00016518,-0.31564,-0.55058,1.1445,-1.3244,-0.75206,-0.19046
-1.1163,0.022525,-0.64281,-0.36051,1.0703,-0.99966,-0.8647,-0.58387
-1.2747,0.1348,-0.74016,-0.72285,1.0474,-1.1928,-0.56526,-0.11593
-0.94839,-0.055472,-0.57807,-0.54402,0.96744,-1.1418,-0.82954,-0.43683
-1.3143,0.24761,-0.48622,-0.46888,1.0581,-1.0805,-0.58504,-0.37541
-1.1648,0.31184,-0.52495,-0.53575,1.1789,-1.434,-0.79682,-0.44009
-1.054,-0.063808,-0.55909,-0.83427,0.85501,-0.97148,-0.87404,-0.62749
-1.0136,0.047045,-0.55557,-0.49197,1.4315,-1.1359,-0.30052,-0.016932
-1.0361,0.020938,-0.64147,-0.63167,1.1619,-1.2134,-0.46593,-0.42531
-1.0852,0.65116,-0.55189,-0.8017,1.3752,-0.72172,-0.58278,-0.56463
-1.0304,0.27235,-0.95429,-1.0487,1.2599,-1.0399,-0.55562,-0.13413
-1.0954,0.34523,-0.4155,-0.86944,1.0452,-1.3983,-0.59489,-0.64625
-0.87883,0.14641,-0.40716,-0.6438,1.3845,-1.135,-0.49046,-0.47423
-1.2085,0.097999,-0.72559,-0.68284,0.82009,-1.5737,-0.72357,-0.54491
-1.025,0.13029,-0.034266,-0.71833,1.2968,-1.1201,-0.49943,-0.50279
-0.92116,0.059282,-0.7714,-0.62498,0.97474,-1.4438,-0.40657,-0.28234
-1.3745,-0.0089358,-1.2056,-0.41573,1.4107,-1.1163,-0.70315,-0.42083
-1.2597,0.24414,-0.72394,-0.46196,1.0766,-1.0316,-0.6285,-0.69504
-0.80071,0.25799,-0.46307,-0.41652,1.2279,-0.99082,-0.43088,-0.33539
-0.96133,0.041908,-0.3777,-0.86998,1.0921,-1.2149,-0.48542,-0.5542
-1.1017,0.24091,-0.56276,-0.42444,1.3756,-0.95541,-0.57757,-0.54854
-0.89375,-0.21595,-0.51737,-0.87625,1.1394,-0.78036,-0.3614,-0.87973
-1.1678,-0.0062889,-0.75936,-0.71986,1.5549,-1.0793,-0.5041,-0.81416
-0.85991,0.44027,-0.81413,-0.70253,1.1986,-0.87648,-0.21518,-0.33256
-1.1733,-0.13565,-0.66203,-0.61676,1.318,-0.93022,-0.62883,-0.43837
-0.94562,0.12371,-0.71715,-0.91112,1.2322,-1.0608,-0.46008,-0.5451
-0.97993,0.18789,-0.65888,-0.93711,0.93031,-0.958,-0.61796,-0.5413
-1.1138,0.23637,-0.58237,-0.85374,1.0721,-1.2144,-0.7533,-0.56569
-0.89744,0.33323,-0.73106,-0.6895,1.5638,-0.7269,-0.58785,-0.621
-1.1811,0.15125,-0.54093,-1.1152,1.4345,-1.1449,-0.29383,-0.16114
-0.88367,0.12189,-0.54945,-0.70352,1.1937,-1.363,-0.53113,-0.66492
-1.1385,0.20981,-0.60638,-0.6825,1.3269,-1.0008,-0.71892,-0.44009
-1.0351,-0.19939,-0.97125,-0.59926,1.2276,-1.1912,-0.37034,-0.68958
-1.0732,-0.028459,-0.55487,-0.65292,0.99891,-0.80584,-0.65577,-0.43114
-1.1783,0.1007,-0.43947,-0.68666,1.3127,-1.0464,-0.44092,-0.67443
-1.0599,0.006885,-0.67015,-0.58105,1.074,-0.89484,-0.72161,-0.90966
-0.91423,0.11531,-0.41203,-0.66231,1.16,-1.2046,-0.67516,-0.745
-0.97245,0.28653,-0.64383,-0.95438,1.5106,-0.79891,-0.57371,-0.47117
-1.0623,0.04884,-0.5267,-0.87562,1.1818,-0.80693,-0.57115,-0.80269
-0.87319,0.35441,-0.66624,-0.89344,1.4237,-0.82448,-0.33249,-0.79512
-1.2175,0.35538,-0.31308,-0.72375,1.0194,-1.02,-1.0065,-1.0599
-1.176,0.067673,-0.44555,-0.89485,1.5154,-0.95319,-0.73912,-0.66637
-1.2729,-0.13083,-0.65712,-0.63626,1.1914,-0.91635,-0.77072,-0.5247
-1.2362,-0.038606,-0.66146,-0.73695,1.166,-0.98034,-0.54543,-0.78678
-0.92791,0.10922,-0.66401,-0.74968,0.89209,-1.0722,-0.62352,-0.47829
-0.75426,0.17684,-0.62768,-0.62655,1.1634,-0.97904,-1.0206,-0.464
-0.79145,0.014509,-0.63823,-0.89022,1.0638,-1.0232,-0.52272,-0.73655
-1.1787,-0.20069,-0.43575,-0.74151,1.4579,-0.77177,-0.81302,-0.64949
-0.79854,0.031682,-0.57181,-0.7138,1.3491,-0.88543,-0.74955,-0.71704
-0.7282,0.28838,-1.1282,-0.9341,1.2757,-0.74551,-0.57031,-0.65596
-1.2651,-0.3449,-0.69115,-0.55537,1.1983,-1.1588,-0.53394,-0.93003
-1.1502,0.091396,-0.43418,-1.1018,1.6102,-1.0117,-0.49841,-1.1597
-1.3381,-0.12762,-0.47998,-0.663,1.1623,-0.87332,-0.84778,-0.56683
-0.88938,0.049985,-0.5725,-0.9355,1.276,-1.053,-0.39074,-1.0485
-1.131,0.10757,-0.84775,-0.64492,1.5689,-0.94282,-0.56299,-0.91494
-1.264,0.46391,-0.73235,-0.8825,1.4129,-1.016,-0.726,-1.0448
-1.3312,0.1402,-0.68904,-0.76016,1.1815,-0.86091,-0.88458,-0.47822
-1.2866,-0.15603,-0.80627,-0.77163,1.4561,-0.99058,-1.0559,-0.88698
-0.99384,-0.045887,-0.95293,-1.0176,1.4463,-0.72153,-0.77155,-0.83778
-1.081,0.41539,-0.4161,-1.1419,1.4925,-1.0187,-0.56545,-0.85034
-1.0845,0.23491,-0.34392,-0.89688,1.2578,-0.97162,-0.40727,-0.83031
-1.1755,-0.00066929,-0.43629,-0.70333,1.0959,-1.2236,-0.78334,-0.75756
-1.2517,0.24213,-0.46125,-0.75512,1.2762,-0.83763,-0.6225,-0.63704
-1.0033,0.18551,-0.70335,-0.5323,1.4347,-1.0035,-0.61876,-0.72319
-1.2999,0.36675,-0.54795,-0.90237,1.4262,-1.2178,-0.8883,-0.96538
-0.90096,0.004825,-0.59541,-0.93053,1.4664,-1.2039,-0.88334,-0.94337
-1.0583,-0.063596,-0.57972,-0.78357,1.4694,-1.0388,-0.43783,-0.90277
-1.0895,-0.097856,-0.77423,-1.093,1.4652,-0.98424,-0.91605,-0.90217
-1.192,-0.12516,-0.60057,-1.0144,1.213,-1.0552,-0.8351,-0.83277
-0.83871,-0.1145,-0.73237,-0.92752,1.4328,-1.1266,-0.17071,-0.76712
-1.0141,0.31661,-0.58815,-0.65941,1.2109,-0.96169,-0.69836,-0.74138
-1.1744,0.31697,-0.64814,-0.88923,1.3985,-1.1897,-0.92861,-0.92851
-1.1616,0.015056,-0.54251,-0.69045,1.1751,-1.0201,-0.48112,-0.70827
-0.97225,0.044217,-0.27687,-0.8014,1.3223,-0.86285,-0.6334,-0.81531
-1.3952,0.26722,-0.40898,-0.91708,1.4694,-1.2328,-0.80585,-1.0417
-1.0468,-0.067829,-0.62826,-0.56261,1.3218,-0.74689,-0.45369,-1.3243
-1.0711,-0.12483,-0.7736,-0.70543,1.1961,-1.1248,-0.74434,-0.86852
-1.2543,0.29647,-0.61576,-0.82923,1.1747,-1.0856,-0.6525,-0.77888
-1.3005,-0.024551,-0.34339,-0.37147,1.617,-1.1136,-0.71298,-0.62522
-1.2365,0.0083959,-0.41287,-0.91112,1.3664,-1.1088,-0.70838,-1.0018
-1.2523,0.021172,-0.58206,-0.7119,1.1963,-0.90949,-0.82719,-1.1436
-0.90242,0.049213,-0.70361,-1.07,1.1179,-0.90266,-0.79563,-1.0548
-1.198,-0.07753,-1.1298,-0.99196,1.4895,-1.0449,-0.78644,-1.2887
-1.1657,-0.21187,-0.66396,-1.0217,1.2814,-1.0343,-0.7979,-1.1262
-1.0686,-0.12391,-0.84122,-0.96071,1.0282,-0.96994,-0.80245,-1.0014
-0.98702,0.045776,-0.48989,-0.97507,1.3283,-1.1677,-0.71782,-1.1035
-0.92764,0.25301,-0.93599,-0.99486,1.3745,-1.0782,-0.56038,-1.1558
-0.7586,-0.14463,-0.60129,-1.0433,1.6309,-1.073,-0.84822,-1.4232
-1.0097,-0.12088,-0.21795,-0.82091,1.1508,-1.2814,-0.7441,-1.0624
-1.083,0.20514,-0.76571,-0.96801,1.3239,-0.72009,-0.41742,-1.0962
-1.1368,0.11873,-0.35835,-1.3006,1.5283,-0.63835,-1.298,-1.134
-1.2893,0.043984,-0.74492,-0.711,1.2393,-0.93892,-0.53397,-0.75007
-1.0464,0.14868,-0.77559,-0.9097,1.5166,-0.88216,-0.77482,-0.87299
-1.015,-0.085963,-0.73751,-0.82973,1.1209,-1.1008,-0.82435,-1.0789
-1.2596,-0.12531,-0.89734,-0.85388,1.2678,-1.2207,-0.82488,-1.1155
-1.0616,0.48791,-0.66617,-0.7438,1.2776,-0.71313,-0.86762,-1.3608
-1.3453,-0.022708,-0.54136,-0.95802,1.3719,-0.99844,-0.85815,-1.0749
-1.2696,0.024874,-0.64547,-1.1368,1.385,-0.84764,-0.74731,-1.132
-1.081,0.20821,-0.56887,-1.2786,1.5835,-0.99777,-0.77955,-1.034
-1.0733,-0.048864,-0.58792,-0.55155,1.2082,-1.0617,-0.75871,-1.312
-0.98583,-0.23952,-0.64018,-0.85429,1.2895,-1.0396,-1.0606,-1.1004
-0.8158,0.28064,-0.5565,-0.81388,1.5056,-0.96452,-0.82088,-0.82414
-1.1304,-0.013593,-0.33918,-1.1121,1.1537,-1.2944,-0.57171,-1.0964
-0.90073,-0.11582,-0.25509,-0.99583,1.128,-1.3363,-0.79562,-1.3413
-1.3003,-0.39243,-0.63859,-0.85998,1.1464,-1.3478,-0.65672,-0.97849
-0.95808,-0.038583,-1.0117,-1.1093,1.4253,-0.86658,-1.0262,-1.2122
-1.0763,-0.099639,-0.43758,-1.0313,1.4043,-0.89174,-0.60225,-1.2812
-1.1675,-0.27956,-0.23936,-1.1075,1.3874,-1.1988,-1.0487,-1.0334
-1.2754,0.2138,-0.64241,-0.79178,1.2469,-0.86186,-0.96788,-0.86356
-1.1597,-0.49392,-0.71577,-0.91751,1.4107,-1.0809,-0.9182,-1.4477
-0.72374,-0.080991,-0.52138,-1.1695,1.3706,-0.65437,-0.82028,-1.1776
-0.92883,0.098957,-0.65205,-0.85253,1.2847,-1.1083,-0.89214,-1.1232
-1.3465,-0.091138,-0.834,-1.1384,1.4716,-1.0038,-0.90105,-1.4271
-1.5331,0.017338,-0.5047,-1.1296,0.99064,-0.7787,-0.43318,-1.6933
-1.2186,0.20871,-0.53412,-1.1723,1.0631,-1.0387,-1.0526,-1.3596
-1.154,0.052703,-0.56129,-0.92054,1.615,-1.1174,-0.65346,-1.0133
-1.0796,-0.031133,-0.38351,-0.96233,1.0107,-0.54828,-0.80732,-1.5426
-1.0957,0.030059,-0.68436,-0.81427,1.4114,-0.91354,-1.1907,-1.5566
-1.0563,0.067605,-0.48661,-1.0486,1.216,-1.2164,-0.65159,-1.1261
-1.1939,-0.18116,-0.50933,-0.97309,1.5744,-1.3186,-0.94118,-1.5083
-0.88305,0.2942,-0.68269,-1.1847,1.2689,-0.86064,-0.66146,-1.3281
-1.2372,0.22772,-0.62173,-0.89833,1.3837,-1.088,-0.77253,-1.4028
-0.95408,0.25988,-0.7116,-0.89466,1.2236,-1.0627,-0.83924,-1.2807
-1.3481,0.077409,-0.60981,-1.0329,1.5465,-0.86841,-0.85388,-1.1327
-1.4224,-0.23189,-0.33659,-0.6741,1.6172,-1.0098,-0.76985,-1.6067
-1.319,-0.23352,-0.77229,-0.8282,1.4337,-0.92222,-0.88742,-1.4023
-1.2626,0.043672,-0.9084,-1.1568,1.2672,-1.1207,-1.0291,-1.2363
-1.0207,0.031491,-0.66053,-1.2417,1.4876,-0.82304,-0.72112,-1.4517
-1.2774,-0.19388,-0.59097,-0.93798,1.6255,-1.1526,-0.84529,-1.4318
-1.1366,-0.049374,-0.70077,-1.0953,1.1745,-0.93947,-1.1063,-1.303
-1.2222,0.01475,-0.34601,-0.75928,1.3961,-0.89991,-1.0994,-1.4157
-1.1282,0.014239,-0.6408,-1.2361,1.246,-0.95953,-0.81412,-1.4802
-1.2099,-0.0028029,-0.99779,-1.203,1.1123,-0.79355,-0.72871,-1.4063
-1.086,-0.036808,-0.50478,-1.2803,1.4389,-1.2647,-0.70566,-1.4711
-1.119,-0.10282,-0.53401,-1.2575,1.5143,-0.85785,-0.76059,-1.5177
-1.0498,-0.12698,-0.37798,-1.0239,1.1594,-1.1789,-0.86925,-1.4854
-1.0888,-0.12183,-0.80743,-1.505,1.3113,-1.0256,-0.65416,-1.2319
-0.97205,0.033189,-0.73051,-1.3826,1.3869,-0.81159,-0.80061,-1.6058
-1.0863,-0.015597,-0.66675,-1.1987,0.91075,-0.98208,-0.55373,-1.5915
-0.95854,0.082757,-0.84214,-1.2512,1.1344,-1.0118,-0.83614,-1.748
-0.8928,-0.099742,-0.59184,-1.3146,1.3825,-0.66126,-0.89901,-1.5065
-1.4922,0.16077,-0.58063,-1.2649,1.1282,-0.81651,-0.96358,-1.2873
-1.1366,0.11807,-0.57808,-1.0112,1.2425,-0.91849,-1.0544,-1.4003
-1.289,0.32579,-0.67863,-1.2914,1.2878,-1.029,-0.93539,-1.3246
-1.3702,0.1402,-0.5067,-1.4569,1.4855,-0.68662,-0.74666,-1.334
-1.2599,-0.095326,-0.4314,-1.3843,1.2415,-0.88588,-0.7066,-1.6962
-1.018,0.20412,-0.70304,-1.2886,1.0649,-0.93065,-0.75956,-1.5337
-1.1629,0.060523,-0.47355,-0.96047,1.1129,-1.1184,-0.62612,-1.4972
-1.1441,0.14061,-0.42523,-0.82683,1.213,-0.79737,-0.69669,-1.618
-1.1028,0.0028063,-0.43699,-1.3133,1.4009,-1.1319,-1.2412,-1.4626
-1.1392,0.18184,-0.71993,-1.3046,1.0919,-1.0911,-0.82776,-1.4135
-1.2503,0.098791,-0.52752,-1.3433,1.3121,-0.60238,-0.51081,-1.6693
-1.2701,0.10112,-0.70079,-1.204,1.1193,-0.97036,-0.92051,-1.4205
-1.3484,0.078082,-0.80536,-1.362,1.3172,-1.1708,-1.0221,-1.4019
-0.92431,0.025856,-0.52819,-1.3818,1.3316,-1.188,-1.1024,-1.3664
-1.1209,0.10222,-0.4175,-0.85706,1.1277,-1.1137,-0.7395,-1.6059
-1.0743,-0.017692,-0.38324,-1.1554,1.0792,-0.71647,-0.99162,-1.7544
-1.1457,-0.028346,-0.78013,-1.1099,1.1171,-0.77484,-0.82404,-1.556
-1.1256,0.15418,-0.62273,-1.348,1.5055,-1.0405,-0.54376,-1.2857
-1.0218,0.077761,-0.47985,-1.233,1.2877,-0.6281,-0.84298,-1.834
-1.2977,0.19803,-0.65929,-1.1459,1.317,-1.1399,-0.95163,-1.7891
-0.88624,0.3581,-0.50689,-1.0342,1.4649,-1.1858,-0.50991,-1.6147
-1.0971,0.080656,-0.43138,-1.2639,1.7358,-1.1686,-0.98419,-1.6548
-1.373,-0.035678,-0.60733,-1.4794,1.1273,-0.88893,-1.0901,-1.6689
-1.3058,-0.12347,-0.79302,-1.0806,1.1706,-1.2697,-1.1434,-1.5694
-0.9063,0.20251,-0.76029,-1.1415,1.2088,-0.87975,-0.78728,-1.6249
-0.83392,-0.11788,-0.5037,-1.3921,1.5344,-1.0222,-1.1841,-1.6758
-0.95331,0.051681,-0.66203,-1.4881,1.2851,-1.0343,-0.62746,-1.8494
-1.2313,-0.097633,-0.53352,-1.3436,1.2956,-0.98656,-0.91286,-1.5629
-1.2138,0.022365,-0.59856,-1.2269,1.1194,-0.72577,-0.77471,-1.3164
-0.79611,-0.14459,-0.49925,-1.2834,1.3048,-0.8552,-0.79745,-1.9837
-1.0411,-0.17099,-0.29766,-1.3135,1.0761,-1.1121,-0.85596,-1.9063
-1.3799,0.24647,-0.64465,-1.3769,1.2363,-0.99143,-0.9924,-1.6292
-1.341,-0.12203,-0.34537,-1.5894,1.3749,-1.0495,-0.56603,-1.7528
-1.3246,0.0044323,-0.6149,-0.98603,1.0742,-1.1077,-0.95343,-2.1294
-1.2577,0.20968,-0.32732,-1.3451,1.3122,-0.92035,-0.72843,-1.6259
-1.5823,-0.16911,-0.70253,-0.8988,1.1846,-0.78424,-1.046,-1.9445
-1.585,-0.066657,-0.40446,-1.2852,1.4003,-1.0501,-1.0429,-1.8949
-1.0519,0.047669,-0.63565,-1.4243,1.629,-1.1055,-1.09,-1.7398
-1.2543,0.12373,-0.56944,-1.4474,1.3922,-1.0826,-1.0248,-2.0026
-1.2949,0.035485,-0.51734,-1.4469,0.82181,-0.71073,-0.90515,-1.7686
-1.1092,-0.12419,-0.56871,-1.4032,1.6682,-0.91301,-1.1037,-1.8805
-1.1483,-0.027833,-0.49229,-1.5796,1.2221,-1.1368,-0.92256,-1.6354
-1.1149,0.1943,-0.38586,-1.5,1.3565,-0.98465,-0.74155,-1.7751
-1.3828,0.087675,-0.36979,-1.4512,1.1755,-0.89204,-1.2693,-1.3278
-1.2126,0.11015,-0.36017,-1.3653,1.0965,-1.1546,-0.96396,-1.7555
-1.2555,0.056824,-0.52999,-1.2831,1.0894,-1.0794,-0.97188,-1.8382
-1.4701,0.019169,-0.56859,-1.3401,1.1465,-1.2266,-0.42551,-1.9547
-1.5687,-0.021838,-0.98694,-1.3069,1.0072,-1.4067,-0.83272,-1.8264
-1.1808,-0.0042842,-0.55039,-1.0171,0.86461,-1.3285,-0.58859,-1.7278
-1.231,-0.031606,-0.47778,-1.095,0.79989,-0.93251,-0.96236,-1.8716
-1.1253,0.061871,-0.46394,-1.5972,1.48,-1.3322,-0.9518,-1.6248
-1.1733,0.11248,-0.6538,-1.6073,1.386,-0.93918,-0.88358,-1.9626
-1.0766,0.028069,-0.56408,-1.7244,1.2466,-1.0443,-0.77699,-1.7771
-1.1157,0.10918,-0.85358,-1.6399,0.85407,-0.8017,-0.98746,-1.6145
-1.4514,0.22583,-0.50974,-1.2931,1.036,-1.0417,-1.029,-1.7981
-1.3087,0.076059,-0.66422,-1.3444,1.0315,-0.74945,-0.83577,-1.9107
-1.3257,0.37218,-0.35353,-1.315,1.1934,-0.93269,-0.65129,-1.8573
-1.3224,0.093338,-0.50399,-1.5144,0.96111,-0.92232,-0.67625,-1.5597
-1.3937,0.43008,-0.77675,-1.2738,1.0902,-1.2104,-1.0085,-1.4621
-1.4718,0.020672,-0.27318,-1.4019,1.1077,-0.69351,-0.73748,-1.7661
-1.418,0.12982,-0.60937,-1.4696,1.3406,-0.53224,-0.76279,-2.0412
-1.3152,0.14009,-0.38436,-1.5194,1.3486,-0.98308,-0.95214,-2.0168
-1.3318,-0.17582,-0.36065,-1.2397,1.1156,-0.71809,-1.2394,-1.8109
-1.1943,-0.093446,-0.61218,-1.4379,1.0713,-0.86772,-0.89574,-1.9206
-1.1967,0.11187,-0.72249,-1.3583,0.82877,-1.0163,-0.69834,-2.1102
-1.1442,0.12408,-0.43424,-1.4443,1.2112,-0.74443,-0.91253,-1.7395
-1.3373,-0.036975,-0.44534,-1.6631,0.78691,-1.0796,-0.9215,-1.9742
-1.4408,0.078637,-0.66981,-1.9954,1.0773,-1.0415,-0.93764,-2.0966
-1.1636,-0.25683,-0.62235,-1.7623,1.1071,-0.98313,-0.92793,-1.8415
-1.2111,-0.030829,-0.61364,-1.6293,0.79725,-1.0011,-0.91635,-2.1357
-1.2334,0.053367,-0.60985,-1.6823,1.2105,-1.0491,-0.97207,-2.0396
-1.0112,0.0022217,-0.47618,-1.5314,1.0801,-0.99298,-0.96256,-1.776
-1.3767,0.53803,-0.38395,-1.7137,0.87558,-1.1728,-0.80704,-1.8156
-1.4542,-0.07257,-0.72994,-1.9267,1.0772,-1.0941,-1.0368,-1.9041
-1.3046,0.032283,-0.47631,-1.3628,1.1304,-0.98226,-0.9438,-1.5525
-1.0567,-0.060334,-0.65474,-1.7281,1.2185,-0.98879,-0.95317,-1.8672
-1.2581,0.49807,-0.846,-1.6647,1.1827,-0.94103,-0.97434,-1.9406
-1.461,0.1846,-0.77205,-1.644,1.0768,-1.0987,-0.77929,-2.3036
-1.5778,-0.084125,-0.64582,-1.2618,1.1144,-0.98543,-0.92267,-2.0075
-1.072,-0.19177,-0.50463,-1.5838,0.79877,-0.80233,-0.63173,-1.9852
-1.4723,-0.079825,-0.78491,-1.3158,0.9958,-1.1188,-0.76705,-1.6089
-1.425,0.0041914,-0.51179,-1.6769,1.1663,-1.3314,-0.98356,-2.1413
-1.4201,0.21167,-0.70408,-1.4108,1.0254,-1.0808,-0.62451,-2.0883
-1.5781,-0.02887,-0.65727,-1.5774,0.96002,-1.0242,-0.66232,-1.9654
-1.4743,0.042755,-0.26342,-1.6709,1.0973,-0.88532,-1.1439,-1.9929
-1.2609,0.17666,-0.33005,-1.2751,1.1792,-1.0366,-1.1583,-1.7326
-1.2163,0.077272,-0.62097,-1.3551,0.98746,-0.56568,-0.84678,-2.086
-1.239,-0.067262,-0.51389,-1.5593,1.0269,-1.2041,-0.70075,-1.6953
-1.536,-0.23658,-0.55373,-1.5587,0.93259,-1.0969,-0.91197,-2.0064
-1.0625,0.11984,-0.31302,-1.5708,1.0457,-0.86168,-1.089,-2.0267
-1.3244,-0.27812,-0.84606,-1.1239,1.1318,-1.1857,-1.1151,-2.123
-1.133,-0.30202,-0.38786,-1.4391,0.90285,-1.2586,-0.55022,-1.6291
-1.3536,0.047052,-0.71394,-1.7072,1.2525,-0.74613,-0.80302,-1.6997
-1.3975,0.1216,-0.52763,-1.4957,0.89411,-0.91022,-1.2802,-2.1151
-1.158,-0.0056419,-0.47419,-1.5498,1.1331,-0.95071,-0.60136,-1.9469
-1.4636,0.09527,-0.22234,-1.65,1.1229,-1.0473,-1.0579,-1.9816
-1.3523,-0.16991,-0.60241,-1.3689,0.82594,-0.86738,-0.64191,-1.7867
-1.691,0.048364,-0.54209,-1.8586,0.97811,-1.0568,-0.85945,-1.9326
-1.4497,0.043932,-0.29722,-1.6433,1.0266,-0.92396,-0.80959,-2.1577
-1.3026,-0.15901,-0.49717,-1.6768,0.93806,-0.72255,-0.93328,-1.9731
-1.3154,0.22634,-0.47484,-1.8946,0.84522,-1.1751,-0.87911,-2.1156
-1.5733,0.068864,-0.51624,-1.7002,0.86979,-1.2139,-0.80157,-2.2362
-1.165,-0.24814,-0.36686,-1.5785,0.92122,-0.70746,-0.81179,-1.8827
-1.3898,0.12856,-0.65376,-1.7937,0.81183,-0.96707,-0.89144,-2.1814
-1.2577,-0.025104,-0.27101,-1.3672,0.76777,-1.0792,-1.0004,-2.0533
-1.5257,-0.20466,-0.29114,-1.5318,1.1976,-1.0801,-0.86909,-2.0989
-1.2093,0.09057,-0.44323,-1.4412,0.81566,-1.0116,-1.1683,-1.9878
-1.4363,-0.10683,-0.27545,-1.6383,1.0548,-0.97611,-0.70708,-2.0336
-1.3586,0.27075,-0.80382,-1.8253,1.0253,-1.2389,-0.77306,-1.8048
-1.4161,0.077964,-0.33047,-1.5509,1.0454,-1.1415,-0.97786,-2.0147
-1.2721,0.018637,-0.58317,-1.517,0.85048,-0.97766,-0.98572,-1.7533
-0.78355,-0.039345,-0.2197,-1.8267,0.67872,-1.1417,-0.58687,-2.1437
-1.2563,-0.084947,-0.2739,-1.8058,0.82501,-1.0604,-0.78392,-2.2079
-1.5314,0.018914,-0.36357,-1.8139,1.1219,-0.91399,-1.0337,-1.7456
-1.328,0.054448,-0.69682,-1.6497,0.98491,-1.1289,-1.0776,-1.9382
-1.6013,0.027977,-0.58944,-1.6538,0.80607,-1.4791,-0.82075,-2.0076
-1.3962,0.028555,-0.41712,-1.6202,1.0452,-1.0087,-0.67456,-1.6541
-1.42,-0.15871,-0.69759,-1.7474,1.3049,-1.1827,-0.96803,-1.7149
-1.5716,0.20162,-0.29914,-1.9242,0.88321,-1.3043,-0.69482,-1.9374
-1.4369,-0.11552,-0.36032,-1.8176,1.013,-0.93226,-0.61149,-1.9634
-1.3221,-0.22284,-0.52008,-1.6495,1.1393,-1.0575,-0.97637,-1.9461
-1.3168,0.24427,-0.3937,-1.6677,0.73574,-1.0437,-0.59622,-1.8723
-1.4021,0.19225,-0.17157,-1.7541,0.83044,-1.4366,-1.1102,-1.9456
-1.3091,0.27398,-0.39921,-1.4321,1.0811,-1.0693,-0.76807,-1.9361
-1.5105,0.068593,-0.47574,-1.7009,1.1317,-1.0345,-0.70608,-2.1143
-1.6173,-0.082236,-0.50637,-1.863,0.92804,-1.0415,-0.74074,-1.8491
-1.4753,0.021918,-0.26693,-1.5091,0.83707,-1.2104,-0.74244,-2.2323
-1.6718,0.10708,-0.54157,-1.6177,0.74713,-0.95273,-0.99606,-1.8987
-1.5159,0.05792,-0.25568,-1.9359,0.85229,-0.83202,-0.82374,-1.8188
-1.3334,0.083105,-0.22289,-1.8275,1.1098,-1.1492,-1.0378,-2.0216
-1.2161,0.29584,-0.12527,-1.5964,1.011,-0.88713,-0.82173,-2.0208
-1.4412,0.26865,-0.056526,-1.4173,1.0639,-0.91714,-0.81002,-2.0413
-1.5372,0.10703,-0.59548,-1.6629,0.79234,-1.2679,-0.75267,-1.8906
-1.4199,-0.020831,-0.69216,-1.7603,0.79817,-1.5447,-0.77013,-2.3587
-0.81424,-0.11627,-0.12366,-1.7251,1.0482,-0.72916,-0.73944,-1.6261
-1.16,0.055116,-0.63917,-1.5299,0.75752,-1.1796,-0.74194,-2.2342
-1.9641,-0.044999,0.090413,-1.8305,0.83648,-1.0455,-0.86852,-1.7386
-1.1313,-0.054227,-0.4355,-1.9434,0.99779,-1.2542,-0.73617,-1.663
-1.3976,-0.20905,-0.34068,-1.6517,0.5927,-1.184,-0.65152,-1.8581
-1.5708,0.20492,-0.59013,-1.68,0.91739,-1.0285,-0.56281,-2.0829
-1.4081,-0.051738,-0.60593,-1.9717,0.50535,-1.1397,-0.96302,-1.9771
-1.2907,-0.037447,-0.80112,-2.0538,1.0205,-0.78941,-0.79235,-2.0025
-1.163,-0.20374,-0.78351,-1.5372,0.95385,-1.1347,-0.59856,-2.1139
-1.386,0.4195,-0.49255,-1.4333,0.73293,-1.1599,-0.9236,-1.815
-1.4311,0.23989,-0.63382,-1.5384,0.55189,-1.3436,-0.53972,-1.9096
-1.1128,-0.14764,-0.33016,-1.8033,0.88998,-0.83657,-0.9074,-1.76
-1.1492,-0.28094,-0.75762,-1.7318,0.99624,-1.0633,-1.2397,-1.8748
-1.6454,-0.15817,-0.50876,-1.5024,0.7103,-0.96747,-0.64366,-2.1755
-1.4804,-0.019992,-0.13944,-1.7195,0.75375,-1.2691,-0.70576,-1.77
-1.2588,-0.2095,-0.31142,-1.6722,1.1087,-1.0297,-0.53142,-2.0436
-1.5299,0.022703,-0.23786,-1.774,1.0821,-1.0481,-0.62008,-2.0305
-1.5444,0.36115,-0.41104,-1.6907,0.80289,-1.1205,-0.68833,-2.2027
-1.5551,-0.028119,-0.31065,-1.786,0.85653,-1.0598,-0.65302,-1.8642
-1.8768,0.065149,-0.096535,-2.1962,0.55702,-1.3505,-0.57481,-1.9817
-1.2587,-0.028468,-0.28982,-2.064,0.85182,-1.2388,-0.50601,-2.0813
-1.5549,0.061502,-0.28368,-1.705,0.99783,-1.1931,-0.6276,-1.7587
-1.5713,-0.25243,-0.2408,-2.0935,0.57123,-1.1752,-0.8458,-1.855
-1.2742,-0.12157,-0.25474,-1.6216,1.0151,-1.2408,-0.97208,-1.9047
-1.5224,-0.13752,-0.44349,-1.6805,0.89256,-0.82374,-0.79601,-2.15
-1.4506,-0.1713,-0.32448,-1.4511,0.47145,-1.2869,-0.74808,-1.9288
-1.5819,-0.057218,-0.30522,-1.7151,0.63554,-1.1846,-0.65835,-1.9131
-1.3906,0.19688,-0.47656,-2.116,0.85301,-1.1499,-0.89985,-1.711
-1.4721,0.25464,-0.397,-1.4245,0.94598,-0.91907,-0.71936,-2.2109
-1.5316,0.040552,-0.29932,-1.8216,0.87162,-1.0551,-0.44759,-1.5255
-1.2139,-0.044784,-0.58122,-1.8484,0.92232,-1.2562,-0.5458,-2.0329
-1.3177,0.38606,-0.22336,-2.0224,1.1846,-1.3807,-0.6609,-2.1071
-1.5235,0.12049,-0.29627,-1.851,0.86353,-1.0115,-0.85109,-1.9694
-1.4902,0.18807,-0.32171,-1.8382,1.0382,-1.2107,-0.52357,-2.078
-1.2184,0.044378,-0.15688,-1.4895,0.52469,-0.80889,-1.1501,-1.7585
-1.5827,0.23343,-0.50003,-1.9646,0.69032,-1.2345,-0.76619,-1.6619
-1.5903,0.073401,-0.22329,-1.9786,0.58386,-1.2372,-0.46478,-2.2023
-1.5255,-0.36574,-0.17898,-2.1334,0.86603,-1.1716,-0.51034,-2.147
-1.4675,-0.080149,-0.75412,-1.7938,0.61475,-1.1211,-0.54389,-2.0676
-1.5338,-0.031299,-0.19432,-1.5989,0.42246,-0.7446,-0.7861,-1.8989
-1.4918,-0.34566,-0.40329,-1.8885,0.7949,-1.1118,-0.59503,-2.1588
-1.2615,-0.072823,-0.39409,-2.0388,0.65585,-1.2082,-0.87718,-1.8434
-1.6158,-0.12551,-0.43589,-1.5559,0.7096,-0.78205,-0.55531,-2.1318
-1.3555,0.001672,-0.21613,-1.7286,0.27177,-1.3682,-0.88094,-1.7387
-1.421,0.25443,-0.46019,-1.586,0.67142,-0.88874,-0.69606,-2.1112
-1.7558,-0.29103,-0.28831,-1.696,0.91084,-1.312,-0.48876,-1.8837
-1.5442,-0.11468,-0.74552,-1.5613,0.8712,-1.1834,-0.60742,-2.0992
-1.4281,-0.12373,-0.18481,-2.1438,0.81093,-1.4295,-0.87584,-1.9685
-1.7326,0.2821,-0.30799,-1.5595,0.45028,-1.0737,-0.70924,-1.7827
-1.4796,0.11534,-0.47578,-2.0498,0.74915,-1.165,-0.6956,-2.0703
-1.4372,0.10751,-0.47417,-1.906,0.58661,-1.4139,-0.70346,-2.1808
-1.7033,-0.087706,-0.22034,-1.8981,0.73475,-1.069,-0.91256,-2.1256
-1.4163,-0.2453,-0.27034,-1.9849,0.54689,-1.2536,-0.7352,-1.8737
-1.2204,0.081747,-0.28719,-1.9215,0.39362,-1.0378,-0.72094,-2.2869
-1.4841,-0.066019,-0.45812,-1.8297,0.3859,-0.75442,-0.81197,-1.8084
-1.6276,0.081742,-0.27716,-1.7994,1.1152,-1.2997,-0.40721,-1.9053
-1.3963,0.25825,-0.22408,-1.631,0.47646,-0.97752,-0.72311,-1.7153
-1.861,0.019337,-0.30292,-2.072,0.58005,-1.3215,-1.1049,-1.9363
-1.5297,-0.020419,-0.16542,-2.0005,0.55679,-1.2417,-0.53233,-1.9645
-1.4686,-0.15632,-0.090099,-2.0852,0.76841,-1.0019,-0.63054,-1.7649
-1.3818,-0.00025866,-0.6875,-1.9482,0.45972,-1.1945,-0.64203,-1.8367
-1.7676,-0.086334,-0.36787,-2.0177,0.58535,-1.0495,-0.65271,-1.9045
-1.7009,-0.30879,-0.44248,-1.9938,0.53843,-1.3203,-0.67313,-2.0797
-1.5258,-0.2068,-0.030097,-1.9393,0.48477,-0.84465,-0.27218,-1.9642
-1.6634,-0.39223,-0.092839,-1.7844,0.51678,-1.11,-0.68364,-1.7997
-1.5733,0.028701,-0.49269,-2.2569,0.29266,-1.2592,-0.54874,-1.9789
-1.3907,-0.08419,-0.35878,-1.7916,0.68206,-1.2502,-0.34255,-2.0128
-1.829,-0.42412,-0.23711,-2.2022,0.89187,-1.1267,-0.73205,-1.82
-1.4494,-0.129,-0.32559,-1.8553,0.8293,-1.1801,-0.8066,-2.1209
-1.7329,-0.019054,-0.52907,-1.8611,0.72787,-1.212,-0.67135,-1.6239
-1.6159,-0.031058,-0.02846,-1.6189,0.57727,-1.028,-0.51594,-1.7799
-1.6188,0.080135,-0.29257,-1.6728,0.57944,-1.1761,-0.45707,-1.8311
-1.4016,0.0061736,-0.14313,-2.0752,0.19407,-1.1797,-0.5457,-1.5002
-1.522,0.026705,-0.28338,-2.0944,0.43936,-0.8991,-0.51625,-1.6459
-1.3665,-0.06269,-0.34842,-1.7812,0.22843,-1.371,-0.63194,-1.7625
-1.8178,0.13506,-0.21202,-2.0828,0.33788,-1.0133,-0.55405,-1.6348
-1.7573,0.090277,-0.28146,-2.1345,0.62015,-1.3146,-0.77742,-2.0068
-1.4615,-0.14976,-0.45977,-1.9063,0.82696,-1.2176,-0.13796,-1.8725
-1.2958,-0.50263,-0.27423,-1.864,0.60815,-1.1884,-0.81798,-1.7478
-1.6677,0.12512,-0.61618,-2.1362,0.34122,-1.239,-0.60519,-2.008
-1.7628,-0.029261,-0.35489,-1.914,0.51857,-1.3963,-0.3263,-1.8092
-1.4934,-0.08338,-0.37305,-2.0421,0.58322,-1.3045,-0.40648,-1.8843
-1.1523,-0.3566,-0.30195,-1.6183,0.5262,-0.7726,-0.61899,-2.1778
-1.4194,-0.33214,-0.24671,-1.8456,0.50767,-1.5475,-0.73191,-1.8457
-1.6658,-0.046162,-0.37092,-1.7277,0.57096,-1.4022,-0.50576,-1.7098
-1.3576,-0.0007272,-0.20935,-1.561,0.5153,-1.1624,-0.60921,-1.8649
-1.3614,-0.25297,-0.39468,-1.882,0.60204,-1.2422,-0.6058,-1.522
-1.5492,-0.015688,-0.10597,-1.7311,0.48502,-1.426,-0.21934,-1.5249
-1.4714,0.083834,0.053,-1.5233,0.55424,-1.2298,-0.82105,-1.5246
-1.2896,0.09917,-0.28411,-1.4513,0.15899,-1.683,-0.45676,-1.9703
-1.5827,0.15308,-0.47043,-1.7447,0.62926,-1.1211,-0.72221,-1.7016
-1.5694,-0.26575,-0.086006,-1.8052,0.30747,-1.3154,-0.56773,-1.8901
-1.5934,-0.12227,0.1675,-1.6194,0.54727,-1.2625,-0.44208,-1.9601
-1.3306,-0.0129,-0.32657,-2.2293,0.52461,-1.2364,-0.78864,-2.1961
-1.4986,0.0022245,-0.17369,-2.0878,0.85778,-1.3391,-0.71707,-1.7113
-1.3364,-0.25068,-0.32875,-2.026,0.63657,-1.4134,-0.36851,-1.7762
-1.3913,0.16727,0.16727,-1.9896,0.24638,-1.2699,-0.52271,-1.8908
-1.4957,-0.19264,-0.15037,-1.6558,0.42803,-1.4073,-0.72447,-1.7003
-1.5355,-0.084754,-0.41002,-1.8033,0.76156,-1.4441,-0.53726,-1.6967
-1.4958,-0.26339,-0.33089,-1.6279,0.53285,-1.4089,-0.5641,-1.833
-1.5216,-0.034129,-0.072898,-1.8432,0.32564,-1.2825,-0.37222,-1.7686
-1.4962,0.023022,-0.33931,-1.6967,-0.028469,-1.1942,-0.59456,-1.5981
-1.5538,-0.05073,-0.055601,-2.0062,0.4383,-1.573,-0.62742,-1.8364
-1.4387,-0.24832,-0.012443,-2.1934,0.21956,-1.1631,-0.76499,-2.3133
-1.093,-0.096321,0.025443,-2.1227,0.23847,-1.1358,-0.27199,-1.8382
-1.5178,0.19184,-0.15032,-1.7477,0.5206,-1.1241,-0.50491,-1.9104
-1.5334,-0.17646,-0.16843,-1.7448,0.39843,-1.4508,-0.36955,-1.9322
-1.3981,-0.27489,-0.20238,-1.7354,0.48351,-1.1159,-0.47108,-1.9798
-1.612,-0.11887,-0.16243,-1.9408,0.8314,-1.3476,-0.64392,-1.9481
-1.605,-0.15187,0.078621,-1.8315,0.32416,-0.9736,-0.624,-1.5847
-1.4957,-0.069073,-0.57108,-1.7266,0.28922,-1.5177,-0.58793,-1.815
-1.4632,0.032362,-0.26367,-2.0193,0.6241,-1.1194,-0.71556,-1.8174
-1.4132,-0.1521,-0.095333,-1.9259,0.46701,-1.3118,-0.3928,-1.7066
-1.5769,0.19716,0.012789,-1.744,0.35985,-1.0474,-0.38803,-1.7955
-1.5038,-0.074266,-0.23111,-2.0012,0.47081,-1.3109,-0.17524,-1.696
-1.6035,0.18858,-0.068237,-1.9797,0.44914,-1.3529,-0.64453,-1.958
-1.3409,-0.22556,-0.14291,-1.9572,0.34686,-1.3619,-0.47427,-1.7565
-1.2973,-0.17672,-0.32291,-1.7928,0.25686,-1.2766,-0.61346,-1.7613
-1.3443,0.0030936,-0.01911,-1.6869,0.50229,-1.2417,-0.45474,-1.8082
-1.0855,-0.095291,-0.29977,-1.9646,0.57489,-1.4814,-0.62522,-2.3518
-1.4705,-0.27819,-0.289,-1.8755,0.48768,-1.1585,-0.23685,-1.9953
-1.3612,-0.29476,-0.39258,-2.0461,0.38688,-1.4733,-0.75533,-2.0273
-1.5645,-0.16891,-0.082922,-1.7526,0.35674,-1.2649,-0.57128,-1.746
-1.6698,0.10175,-0.30781,-1.7685,0.22194,-1.5188,-0.45245,-1.9593
-1.4011,0.0028915,-0.22702,-1.7647,0.12988,-1.3019,-0.56456,-1.7072
-1.6469,-0.069479,0.036834,-1.8176,0.79881,-1.3675,0.091875,-1.6895
-1.4711,0.0074809,-0.34434,-1.6874,0.56595,-1.2692,-0.52598,-1.6048
-1.5887,-0.39195,0.21472,-1.7748,0.15005,-1.3629,-0.51175,-2.0061
-1.8757,-0.19248,-0.17509,-1.7166,0.27591,-1.1768,-0.11264,-1.5819
-1.6895,0.062142,-0.403,-2.0834,0.17166,-1.1912,-0.424,-1.4734
-1.5272,-0.048288,0.082119,-1.8124,0.46213,-1.0473,-0.49649,-1.5182
-1.4002,0.040453,-0.30489,-1.6941,0.37424,-1.6039,-0.26223,-1.4326
-1.4469,0.1296,-0.15223,-2.1615,0.23769,-1.3856,-0.62127,-1.5791
-1.0587,-0.010476,-0.17671,-2.003,0.54428,-1.5576,-0.27522,-1.543
-1.8924,-0.25882,0.070627,-1.7551,0.51944,-1.1804,-0.2155,-1.6906
-1.4693,0.046899,-0.14371,-1.8132,0.33061,-1.6029,-0.20939,-1.8766
-1.9058,-0.35946,0.12694,-1.9392,0.29896,-1.6421,-0.53406,-1.5356
-1.5505,0.0085626,-0.42719,-1.9617,0.73618,-1.5156,-0.33881,-1.8416
-1.3971,-0.094764,-0.26419,-1.7963,0.38548,-1.3507,-0.42982,-1.6355
-1.5305,0.20196,-0.080324,-1.7738,0.22512,-1.3509,-0.059179,-1.4931
-1.3903,-0.21516,-0.16028,-1.8217,0.47071,-1.5782,-0.2168,-1.6147
-1.2617,-0.46772,0.075187,-1.7943,0.72517,-1.2998,-0.3266,-1.508
-1.581,-0.28563,-0.0052163,-1.7162,0.41889,-1.2237,-0.44351,-1.5869
-1.3614,-0.19106,0.092965,-1.9834,0.60205,-1.2294,-0.44032,-1.6892
-1.5966,0.018127,-0.080419,-1.8678,0.061841,-1.2471,-0.43574,-1.7809
-1.547,-0.04346,-0.25661,-1.9676,0.30541,-1.6109,-0.7953,-1.9195
-1.4347,0.080767,-0.23873,-1.8385,0.043195,-1.0066,-0.29627,-1.3836
-1.6439,-0.057809,-0.034233,-1.7803,0.26631,-1.7044,-0.25473,-1.5082
-1.3726,0.31733,-0.34936,-1.798,0.42914,-1.4972,-0.23141,-1.6598
-1.3481,-0.36472,0.013369,-1.7909,0.61081,-1.755,-0.31338,-1.6004
-1.8338,-0.12342,-0.3983,-1.8078,0.24292,-0.90687,-0.2703,-1.7933
-1.1096,-0.0077606,-0.44953,-1.9194,0.466,-1.4601,-0.68862,-1.6538
-1.2296,-0.46133,0.067989,-1.742,0.43927,-1.551,-0.42299,-1.485
-1.5124,-0.064645,0.072323,-1.7647,0.61481,-1.2811,-0.3169,-1.5792
-1.2776,-0.028429,-0.12256,-1.9696,0.43227,-1.5236,-0.68171,-1.6158
-1.2493,-0.10158,0.075281,-1.7014,0.48014,-1.5715,-0.024586,-1.581
-1.6492,0.011108,-0.14884,-1.8404,0.46535,-1.625,-0.55527,-1.5136
-1.6096,-0.071707,-0.18625,-1.5941,0.51238,-1.6303,-0.28606,-1.573
-1.6818,-0.22746,-0.12735,-1.6996,0.51848,-1.6895,-0.048585,-1.39
-1.6748,0.11263,0.091042,-1.9079,0.08676,-1.4754,-0.30486,-1.6618
-1.2275,0.27665,-0.44978,-1.8639,0.18796,-1.4933,-0.072266,-1.2865
-1.5044,-0.10671,-0.0946,-1.6614,0.26644,-1.1569,-0.64704,-1.7263
-1.4948,-0.22995,-0.21422,-1.8702,0.34975,-1.6655,-0.51877,-1.4257
-1.6895,-0.22613,-0.56699,-1.5717,0.31856,-1.2783,-0.35717,-1.3247
-1.671,-0.32572,-0.20803,-1.7513,0.26504,-1.589,-0.26832,-1.432
-1.4974,0.082171,-0.42161,-1.7977,0.17767,-1.2829,-0.4235,-1.7819
-1.4699,0.084419,0.24378,-1.8867,0.56935,-1.5222,-0.36424,-1.6686
-1.5123,-0.2076,-0.16771,-1.9743,0.46511,-1.5525,-0.10759,-1.2644
-1.3349,-0.29912,0.034252,-1.8696,0.28173,-1.4061,-0.65564,-1.6372
-1.5342,-0.31829,-0.17707,-1.8354,0.3536,-1.4344,-0.38374,-1.375
-1.3812,-0.20186,0.10932,-1.7974,0.20816,-1.4799,-0.54858,-1.367
-1.4002,-0.12555,-0.21342,-2.0414,0.40747,-1.2746,-0.3949,-1.5345
-1.4906,-0.046298,0.027712,-1.5011,0.33899,-1.7313,-0.54424,-1.2213
-1.5889,-0.38041,-0.25851,-1.7483,0.51097,-1.5572,-0.15754,-1.4598
-1.6774,-0.00057032,-0.20386,-1.497,0.46949,-1.6781,0.039703,-1.3067
-1.1109,-0.084223,-0.31701,-1.7173,0.40367,-1.8486,-0.32279,-1.4074
-1.4825,-0.17967,-0.054951,-1.8651,0.23276,-1.0041,-0.1602,-1.6127
-1.6055,-0.032486,0.058021,-1.7951,0.79251,-1.3024,-0.48429,-1.457
-1.4368,-0.27247,-0.30808,-1.9509,0.4769,-1.5321,-0.25854,-1.5397
-1.5536,-0.37698,-0.012165,-1.6058,0.29723,-1.6258,-0.34553,-1.8542
-1.4249,-0.032558,-0.52859,-1.5732,0.2393,-1.7371,-0.2731,-1.2151
-1.3867,-0.2783,-0.19465,-1.8213,0.38165,-1.3912,-0.2565,-1.427
-1.5489,-0.38457,-0.016531,-1.9257,0.29312,-1.5249,-0.17532,-1.4303
-1.3502,0.13128,-0.18261,-1.6134,0.54011,-1.7294,-0.31881,-1.3743
-1.5108,0.040831,-0.083073,-1.8108,0.39294,-1.4341,-0.14253,-1.1217
-1.3399,-0.18785,-0.22718,-1.7971,0.74567,-1.7087,-0.086611,-1.4653
-1.1775,-0.17304,-0.16103,-1.5307,0.18512,-1.6771,0.03459,-1.5839
-1.3481,-0.055937,-0.23422,-1.8427,0.33064,-1.4909,-0.40094,-1.3693
-1.5172,-0.099476,-0.11241,-1.6803,0.27061,-1.6537,-0.045307,-1.2751
-1.4535,-0.40243,-0.077606,-1.8732,0.58847,-1.3443,-0.3089,-1.4681
-1.5392,-0.25618,-0.16569,-1.9869,0.57261,-1.7615,0.28132,-1.6018
-1.3723,-0.097081,-0.16191,-1.8106,0.46495,-1.5744,-0.60277,-1.6192
-1.2134,-0.055313,-0.11952,-1.5584,0.49313,-1.4344,0.082695,-1.3809
-1.3482,-0.041306,0.16209,-1.5675,0.7281,-1.436,-0.0026348,-1.4433
-1.4192,-0.24035,-0.16284,-1.6197,0.5105,-2.0354,-0.16441,-1.4106
-1.4597,0.10423,-0.2998,-1.4305,0.53033,-1.3834,-0.2466,-1.5999
-1.1154,-0.14766,-0.0031871,-1.8969,0.22587,-1.622,-0.55774,-1.4785
-1.3432,-0.38466,-0.27042,-1.5291,0.029843,-1.5727,-0.19716,-1.1186
-1.8441,0.22152,-0.24139,-1.1285,0.51559,-1.6911,0.020669,-1.1452
-1.1311,-0.085738,0.23547,-1.7791,0.5295,-1.3742,-0.11741,-1.5767
-1.3167,-0.014266,-0.24661,-1.5289,0.44736,-1.6164,-0.51625,-1.1856
-1.3189,-0.15647,0.16073,-1.7369,0.11125,-1.2421,-0.1354,-1.3268
-1.5241,-0.24757,-0.08266,-1.3194,0.38327,-1.6928,0.078411,-1.4317
-1.2486,-0.10319,-0.034368,-1.3376,0.24888,-1.597,-0.28631,-1.3046
-1.56,-0.10447,-0.054673,-1.6601,0.39158,-1.7538,-0.026585,-1.3461
-1.1073,-0.42063,-0.07047,-1.7557,0.36411,-1.5284,-0.15687,-1.342
-1.2822,-0.13466,0.0032207,-1.5053,0.27163,-1.4154,-0.10455,-1.3712
-1.0883,-0.086201,-0.023949,-1.7352,0.39746,-1.5191,0.0054578,-1.6275
-1.4582,0.046341,-0.1437,-1.6587,0.2384,-1.813,0.22166,-1.0006
-1.7679,-0.31132,0.056191,-1.6961,0.18253,-1.6399,-0.092717,-1.3467
-1.7031,-0.0088262,-0.21217,-1.7265,0.1565,-1.741,-0.16789,-1.2859
-1.446,-0.20977,0.019539,-1.5099,0.3948,-1.5028,-0.30958,-1.4529
-1.4518,-0.16239,0.079713,-1.794,0.30895,-1.9948,-0.17453,-1.3511
-1.2065,-0.35253,0.10384,-1.6043,0.10704,-2.0523,-0.29918,-1.144
-1.3756,-0.059425,-0.33354,-1.4685,0.23262,-1.7818,-0.15702,-1.2169
-1.2642,-0.1972,0.049112,-1.7625,0.30341,-1.4271,-0.13392,-1.3683
-1.288,-0.21555,0.12211,-1.7055,0.40639,-1.6971,-0.29863,-1.3624
-1.4129,-0.11961,-0.27116,-1.5231,0.51343,-1.6301,0.060429,-1.4074
-1.2853,0.13174,-0.16212,-1.5619,0.35619,-1.6499,-0.22923,-1.3704
-1.4201,-0.050028,-0.16365,-1.5883,0.38464,-1.3688,-0.50842,-1.2702
-0.93032,-0.036239,-0.4196,-1.925,0.54097,-1.3428,-0.5395,-1.2222
-1.4336,-0.068396,-0.22843,-1.548,0.28128,-1.5558,0.021185,-1.2841
-1.1594,-0.080837,-0.15643,-1.4736,0.24099,-1.547,-0.30266,-1.2618
-1.2701,-0.28919,0.11497,-1.3591,0.467,-1.5875,-0.31897,-1.2263
-1.3302,-0.29578,-0.21172,-1.2491,0.38436,-1.5792,-0.1838,-1.5863
-1.1329,-0.45088,-0.11079,-1.2237,0.42498,-1.7474,-0.29156,-1.4747
-1.3297,-0.23027,-0.073312,-1.4045,0.2696,-1.9699,-0.15418,-1.3569
-1.4606,-0.6409,0.085403,-1.551,0.35937,-1.7422,0.024333,-1.2909
-0.90961,-0.13186,-0.08855,-1.7359,0.39825,-1.6604,-0.40911,-1.229
-1.3516,-0.081887,-0.19762,-1.4492,0.33607,-1.8158,-0.087733,-1.3019
-1.4976,-0.44548,0.028423,-1.4349,0.48999,-1.7965,-0.60077,-1.4219
-1.1922,0.025089,-0.2286,-1.6394,0.34601,-1.5784,0.056228,-1.4972
-1.3826,-0.16662,0.036659,-1.5845,0.4895,-1.5476,-0.13327,-1.3526
-1.2011,-0.15594,-0.0025393,-1.3109,0.5381,-1.6278,-0.1674,-1.2897
-1.2985,-0.16429,-0.21335,-1.7798,0.26433,-1.5916,-0.24314,-1.0454
-0.97444,-0.12486,-0.034709,-1.5652,0.56856,-1.3816,-0.23307,-0.90435
-1.3825,-0.25577,-0.24135,-1.5206,0.24823,-1.7251,-0.21276,-1.1999
-1.4093,-0.30077,-0.33479,-1.5842,0.5367,-1.8162,-0.40383,-1.1494
-1.3492,-0.26271,-0.017389,-1.4023,0.66357,-1.2995,-0.23838,-1.4096
-1.3786,-0.25907,-0.15771,-1.2873,0.53629,-1.8,-0.36328,-1.0632
-1.4177,-0.58832,-0.16088,-1.3659,0.73266,-1.521,-0.34538,-1.2048
-1.3069,-0.11981,0.15309,-1.6136,0.62284,-1.7026,0.029735,-0.75615
-1.3857,0.10291,-0.16886,-1.5943,0.52049,-1.5878,0.016262,-1.19
-0.92127,-0.25831,-0.1067,-1.4558,0.48847,-1.572,-0.4398,-1.2813
-1.4831,-0.28568,-0.45911,-1.6407,0.14833,-1.5889,-0.23555,-1.1253
-1.166,-0.33181,0.14019,-1.8423,0.86732,-1.872,0.19012,-0.93533
-1.3383,-0.46883,-0.12998,-1.3345,0.61949,-1.8235,0.30988,-1.2069
-1.3431,-0.2304,-0.3065,-1.6293,0.75833,-1.5457,-0.41615,-1.5266
-1.2753,-0.5376,-0.37959,-1.3716,0.045773,-1.7547,-0.02338,-1.4877
-1.057,-0.35298,-0.15628,-1.342,0.50548,-1.817,-0.077527,-1.2835
-1.4071,-0.14317,-0.013737,-1.4065,0.59155,-1.8191,-0.19842,-0.98276
-1.5322,0.16803,0.19994,-1.4808,0.36084,-1.6393,-0.17209,-1.3892
-1.4252,-0.063257,-0.12466,-1.6875,0.72548,-1.3667,-0.16256,-1.3014
-1.0069,-0.50318,-0.33867,-1.1979,0.491,-1.5709,-0.21065,-1.1053
-1.1196,-0.24094,-0.34673,-1.4269,0.058988,-2.066,0.10794,-1.3839
-0.9884,-0.534,-0.1988,-1.2481,0.22446,-1.5088,-0.087921,-1.0644
-1.0869,-0.093101,-0.12314,-1.3996,0.46026,-1.4991,-0.14238,-1.1404
-1.055,-0.10356,-0.16856,-1.3784,0.49915,-2.0515,-0.46082,-0.99894
-1.2588,-0.096974,-0.22642,-1.4341,0.50812,-1.5875,-0.22005,-0.99268
-1.106,0.00043632,-0.12754,-1.261,0.54444,-1.817,-0.43498,-0.88308
-1.435,-0.093104,-0.45316,-1.2631,0.57641,-1.6338,-0.26163,-1.2985
-1.2365,-0.14379,-0.11733,-1.3303,0.47598,-1.8367,0.10735,-1.2209
-1.0897,-0.12391,-0.061721,-1.5347,0.49576,-1.9211,-0.077655,-1.4926
-1.1737,-0.20219,-0.13395,-1.3984,0.24966,-1.6466,-0.1331,-1.4554
-1.377,-0.22816,0.19795,-1.171,0.53134,-1.7074,-0.21411,-1.2318
-0.98387,-0.051952,-0.35021,-1.3795,0.26414,-1.7144,-0.29414,-1.4227
-1.5931,-0.12554,-0.13134,-1.3257,0.54239,-1.9741,-0.26611,-1.0334
-0.93687,-0.15462,-0.092211,-1.3292,0.59127,-1.6165,-0.22544,-1.0833
-1.3626,-0.39222,-0.12728,-1.4404,0.44748,-1.4875,-0.12856,-1.0554
-1.1442,-0.38636,-0.13141,-1.4737,0.21077,-1.718,-0.44378,-1.0348
-1.3391,0.084028,-0.32036,-1.076,0.69582,-1.8045,-0.36409,-1.1039
-1.1836,-0.052354,-0.17778,-1.0396,0.8707,-1.832,0.163,-0.91493
-1.4003,-0.40806,0.0012372,-1.3513,0.6287,-1.7401,-0.067445,-1.3297
-1.2389,-0.26269,-0.070623,-1.3364,0.56552,-1.57,0.022427,-1.4512
-1.2379,-0.33985,-0.069043,-1.4876,0.49382,-1.9887,0.053085,-0.70318
-1.1412,-0.24584,-0.17576,-1.0851,0.5488,-2.0078,0.13973,-1.2653
-1.5213,-0.10409,-0.21135,-1.0919,0.66409,-1.4802,-0.49345,-1.2008
-1.0535,-0.0091587,-0.29443,-1.3028,0.64858,-1.8584,-0.21648,-1.0641
-1.0988,-0.55225,-0.12944,-1.2433,0.52665,-1.5724,0.090406,-0.87383
-0.96881,0.0050207,-0.10466,-1.1534,0.53938,-1.6427,-0.43731,-1.2915
-1.3204,-0.3921,-0.1374,-1.1045,0.38474,-1.4198,-0.1183,-1.0503
-1.4539,-0.036249,-0.040549,-1.0699,0.80119,-1.9136,-0.093326,-1.0447
-0.98435,-0.11596,-0.29128,-1.2201,0.58588,-1.4373,-0.2882,-1.0032
-1.2201,-0.58307,0.0022942,-1.2985,0.52683,-1.7369,0.098656,-0.89505
-1.0899,-0.28844,0.059667,-1.317,0.5244,-1.619,-0.09526,-1.3552
-1.0968,0.059412,-0.090779,-0.97916,0.4385,-2.0427,-0.087994,-1.2873
-0.94921,-0.24497,-0.29557,-1.612,0.81321,-1.6158,-0.097254,-1.0186
-1.3347,-0.52281,-0.51504,-1.2557,0.60356,-1.6656,-0.16818,-1.1151
-0.94551,-0.48515,-0.18616,-1.1011,0.55883,-1.9138,-0.22595,-1.1092
-1.0874,-0.14148,-0.34044,-0.93924,0.40254,-1.7973,0.11766,-0.86182
-1.2416,-0.39423,-0.098789,-1.2252,0.82981,-1.7042,-0.037708,-1.3234
-1.5979,-0.18819,-0.14684,-1.3003,0.535,-1.834,-0.28792,-0.66491
-1.0761,-0.25182,-0.084332,-0.87586,1.0098,-1.6719,0.1001,-0.80494
-1.3476,-0.29241,0.053775,-1.0525,0.52255,-1.529,0.057231,-1.2232
-1.2056,0.13059,-0.048028,-1.1368,0.70438,-1.9509,-0.14042,-0.9823
-1.1102,-0.16202,0.073855,-1.3171,0.69763,-1.6271,-0.011465,-1.0892
-1.0431,-0.36976,-0.18139,-1.0511,0.66614,-1.7594,0.12809,-0.94402
-1.365,0.008001,-0.22942,-1.1568,0.32654,-2.0012,0.2242,-0.99087
-1.3622,-0.13777,-0.24933,-0.89254,0.87563,-1.8602,0.087275,-1.1249
-1.1217,-0.39361,0.098765,-1.2069,0.50309,-1.9159,0.020839,-1.0272
-1.3056,-0.25693,-0.207,-1.0099,0.51683,-1.5623,-0.20824,-1.1172
-1.2197,-0.3546,-0.21698,-1.1093,0.89474,-1.8274,-0.033005,-1.2159
-1.1139,-0.21157,0.061984,-0.92837,0.51728,-1.5732,-0.41716,-1.1404
-1.1989,-0.23343,-0.079804,-1.0544,0.48807,-1.9327,0.026689,-1.0923
-1.3277,-0.019411,-0.22773,-1.1496,0.70788,-1.9944,-0.15449,-1.3546
-1.0725,-0.062859,-0.28478,-1.2715,0.67263,-2.0663,-0.21827,-1.4154
-1.4118,-0.30403,-0.33867,-1.3724,0.71458,-1.9224,0.080164,-0.64844
-1.0355,-0.34866,-0.18448,-1.0495,0.54058,-2.3082,-0.078013,-1.2329
-1.4503,-0.1266,-0.25364,-1.4603,0.62849,-1.9854,0.029278,-1.3029
-1.4013,-0.11029,-0.18708,-0.99137,0.64614,-1.9024,-0.24457,-1.225
-1.2859,-0.41248,-0.21042,-0.94494,0.83271,-1.7236,-0.0017652,-0.83726
-0.84124,-0.6477,-0.20205,-1.0609,0.90818,-1.8038,-0.19449,-0.91985
-0.89111,-0.23193,-0.15613,-1.0168,1.021,-1.6318,-0.11034,-1.3552
-1.1515,-0.12971,-0.089143,-1.2262,0.83475,-1.9942,-0.61054,-0.85621
-1.2521,-0.33875,0.33736,-0.85709,0.7805,-1.6462,0.012234,-0.84724
-1.1359,0.057486,-0.055227,-1.1966,0.67355,-1.8499,0.027066,-0.71891
-1.1922,-0.38837,-0.42959,-0.73815,0.54859,-1.9724,-0.034116,-0.94939
-1.1372,-0.31773,-0.29493,-0.95972,0.87553,-1.521,0.18724,-0.97445
-1.1674,-0.62027,-0.31709,-0.86671,0.54231,-1.8257,0.070116,-1.0413
-1.2017,-0.26406,-0.25168,-0.71089,0.71431,-1.6903,-0.087505,-1.2655
-1.4386,-0.30329,-0.32967,-1.0904,1.0004,-1.7941,0.018011,-1.1352
-0.9198,-0.2312,0.039485,-1.0125,0.72489,-1.9371,-0.22392,-1.32
-1.0712,-0.10415,-0.3028,-1.1579,0.74686,-1.8791,0.29785,-1.3631
-0.97953,-0.14168,0.037431,-0.97035,0.55793,-1.6992,-0.45053,-1.4842
-1.1427,-0.45751,-0.25206,-1.1715,0.75782,-1.8082,-0.092939,-0.82794
-1.3444,-0.29549,-0.12417,-0.52751,0.61817,-1.7936,-0.023583,-0.83227
-0.93594,-0.42396,-0.36346,-0.96562,0.86144,-1.6023,0.039708,-1.0993
-1.2443,-0.6574,-0.019793,-0.83103,0.36471,-1.7962,-0.13078,-0.99573
-1.0813,-0.094811,0.093537,-0.76135,0.57419,-1.8484,0.17431,-1.0075
-0.95702,-0.18925,-0.65788,-0.95794,0.94228,-1.6663,-0.018846,-0.82165
-1.0052,-0.32928,-0.27546,-0.5713,0.89483,-1.9137,0.031379,-1.1608
-1.195,-0.24011,-0.38423,-1.0532,0.99835,-1.6643,-0.031377,-0.90184
-0.99882,-0.28575,-0.16189,-0.88424,0.77184,-1.7913,0.14216,-1.1328
-1.1497,-0.30271,0.11265,-0.96764,0.79043,-1.7564,-0.064128,-0.85024
-1.0436,-0.32979,-0.41761,-0.94004,0.52158,-1.7332,-0.26157,-0.96268
-1.0101,-0.40321,-0.30513,-0.45102,0.75642,-1.674,-0.011009,-1.0558
-0.98763,-0.51013,0.11677,-1.3083,1.066,-1.989,-0.20923,-1.2481
-0.98834,-0.57435,-0.13337,-1.328,0.74234,-1.8723,-0.11782,-0.89301
-0.77868,-0.23501,-0.063813,-1.1528,0.84257,-1.9347,-0.24061,-1.2563
-0.83918,-0.30059,0.092104,-0.96377,0.43986,-1.7463,0.12989,-0.96993
-1.0248,-0.39,-0.13445,-0.71893,0.89999,-1.8659,-0.053158,-1.2673
-1.1114,-0.063939,-0.12261,-0.68209,0.62675,-1.8635,-0.30732,-0.93003
-1.0558,-0.30595,-0.21839,-0.75775,0.72835,-2.0357,-0.079068,-1.1315
-1.2576,-0.31907,-0.34398,-0.87215,0.85317,-1.7337,-0.25761,-1.1648
-1.1745,-0.42728,-0.19592,-0.64924,0.84735,-1.6114,0.14768,-1.0397
-0.70526,-0.078826,-0.047722,-0.82348,0.89664,-1.7597,-0.19489,-1.249
-0.87868,-0.52258,-0.054235,-0.6914,1.188,-1.8442,0.35492,-1.2046
-0.91665,-0.24488,-0.2366,-1.1576,0.73182,-1.3754,-0.031997,-1.1519
-0.9197,-0.11681,0.066482,-1.186,0.49636,-1.8454,-0.14097,-1.4509
-0.94612,0.24987,-0.17912,-0.85401,0.78401,-1.5935,0.34445,-0.82823
-1.112,-0.49312,0.0034016,-0.62508,1.0835,-1.8743,-0.46043,-1.1881
-0.88326,-0.41969,-0.27313,-0.70211,1.0943,-1.7589,-0.047878,-0.88709
-0.96945,-0.27709,-0.35909,-0.85575,1.1438,-1.7273,-0.38564,-1.0072
-1.1924,-0.096682,-0.15716,-0.72303,0.69041,-1.7627,0.19876,-0.57722
-1.3419,-0.36773,-0.28353,-1.1916,0.73104,-1.4503,0.063343,-0.61733
-0.9163,-0.075462,-0.037108,-0.73476,0.60968,-2.0893,-0.22735,-1.1611
-1.0324,-0.33147,-0.21578,-0.73369,0.97226,-1.7771,0.0069506,-0.96567
-0.90189,-0.40459,-0.021913,-0.85375,0.66368,-1.5092,0.014733,-1.0701
-1.0716,0.026571,-0.28275,-0.54364,0.77978,-1.5309,-0.39809,-1.1818
-1.3025,-0.22498,-0.28675,-0.97824,1.1031,-1.7735,-0.25616,-1.14
-1.482,-0.21656,-0.51007,-0.46686,1.0098,-1.9549,-0.30772,-1.2526
-0.86862,-0.57249,-0.14155,-0.6744,0.98454,-1.9939,-0.1367,-0.99219
-1.0687,0.2005,0.078091,-0.69204,1.0029,-1.5344,0.14584,-1.0558
-1.2013,-0.22695,-0.51644,-0.56618,0.73336,-1.9771,-0.32798,-0.95767
-1.0683,-0.32918,-0.25275,-0.79901,0.33647,-2.3048,-0.14776,-0.85879
-1.0665,0.1152,0.047935,-0.66512,0.91728,-2.1904,-0.042394,-1.0466
-1.0154,-0.11421,-0.16058,-0.75715,1.3017,-1.8059,0.05891,-1.0013
-0.95055,-0.16948,-0.34635,-0.45089,1.0764,-2.0278,-0.062839,-0.77182
-0.75994,-0.38372,-0.28184,-0.65718,0.54733,-1.7253,-0.07244,-0.78635
-0.84973,-0.28015,-0.50971,-0.63907,1.2472,-1.9059,-0.38848,-0.69744
-1.1454,-0.053391,0.054699,-0.66465,1.0045,-1.4785,-0.29824,-0.99851
-1.004,-0.2643,-0.11085,-0.55475,0.97878,-1.7389,-0.32012,-0.89793
-0.83907,-0.2045,-0.28663,-1.0366,0.7479,-1.3821,-0.37896,-1.1363
-1.0591,-0.015616,-0.29544,-0.76824,0.63152,-1.5415,-0.096566,-1.2804
-1.2632,-0.5698,-0.065476,-0.6146,0.79189,-1.4708,-0.099322,-1.1444
-1.2065,-0.54443,-0.10025,-0.24735,0.81872,-1.6061,-0.13391,-0.91399
-0.88453,-0.24823,-0.10774,-0.93439,0.74879,-1.5212,-0.12686,-1.0294
-0.74505,-0.089316,-0.31288,-0.52976,1.1,-1.8089,-0.066114,-1.0955
-1.2593,-0.61304,-0.27333,-0.76274,0.74395,-1.6557,-0.14727,-0.8329
-0.81603,-0.16829,-0.34353,-0.43303,1.1177,-1.7513,-0.14006,-1.1763
-1.0152,-0.12895,-0.20782,-0.82491,1.4076,-1.6023,-0.28963,-1.167
-0.82569,-0.2644,-0.29472,-0.70482,0.73621,-1.51,-0.10687,-0.52366
-0.84189,-0.10651,-0.35381,-0.39628,1.0208,-1.6461,-0.25822,-0.91874
-1.1576,-0.081541,-0.24197,-0.62213,0.6602,-2.0063,-0.3868,-0.92288
-0.95393,-0.26758,-0.28148,-0.75484,0.96711,-1.9288,-0.21385,-1.0835
-1.0117,-0.25271,-0.18647,-0.52776,0.82251,-1.5315,-0.12586,-0.79216
-0.92062,-0.14506,-0.11832,-1.0707,0.89638,-1.5685,-0.084271,-0.95529
-1.1219,-0.24985,-0.094799,-0.81928,1.0537,-1.8003,-0.14747,-0.93512
-0.68834,-0.17384,-0.37256,-0.7415,1.1949,-1.8963,0.16975,-1.0287
-0.68804,-0.32196,-0.29276,-0.66491,0.98412,-1.7591,0.20795,-1.149
-1.0156,-0.1521,-0.271,-0.66905,1.0353,-2.0335,-0.23587,-1.1493
-0.67107,-0.17409,-0.17274,-0.83367,1.0155,-1.4293,0.097911,-0.7211
-0.76822,-0.52148,-0.44146,-0.73266,0.94689,-1.6518,-0.042559,-0.83468
-1.0374,-0.18282,-0.12138,-0.55321,1.1739,-1.7016,-0.29778,-0.97486
-0.79516,-0.099663,-0.26066,-0.32369,0.89312,-1.3955,-0.11788,-0.84177
-0.90107,-0.48675,-0.34975,-0.65921,1.1711,-1.9332,-0.42295,-0.78988
-1.2245,-0.82731,-0.245,-0.50049,0.9996,-1.4354,-0.1189,-0.88486
-0.81836,-0.083143,-0.447,-0.65514,0.77132,-1.4602,-0.34871,-0.94777
-0.92536,-0.43978,-0.41906,-0.56503,1.0554,-1.5465,-0.20679,-1.2103
-0.8218,-0.091698,-0.64475,-0.63931,0.7333,-1.7888,-0.054198,-1.1415
-0.69496,-0.21516,-0.32178,-0.68664,1.1006,-1.5775,-0.15463,-0.82565
-1.0133,-0.5074,-0.090967,-0.56851,1.2517,-1.8143,-0.1738,-0.91369
-0.9086,-0.70196,-0.22825,-0.50425,1.1797,-1.6233,-0.39942,-1.1456
-0.883,-0.43443,-0.31051,-0.31695,0.79793,-1.3862,-0.083544,-0.96277
-0.85928,-0.025952,-0.18395,-0.5121,1.1066,-1.4259,-0.46063,-1.1401
-1.1984,-0.34439,-0.35899,-0.46206,1.1698,-1.8128,-0.076212,-0.89582
-0.94354,-0.56321,-0.16938,-0.56653,1.1697,-1.5076,-0.36513,-1.1257
-0.89238,-0.26012,-0.49643,-0.77633,0.82275,-1.7553,-0.15467,-0.73322
-0.91737,-0.5292,-0.11913,-0.74394,0.95255,-1.6912,-0.33366,-1.0061
-1.0015,-0.49261,-0.34345,-0.54654,0.92079,-1.9319,-0.17322,-1.2617
-0.90009,-0.50772,-0.47375,-0.43393,1.1271,-1.725,0.03974,-1.2226
-1.0924,-0.39041,-0.42116,-0.57581,1.0158,-1.437,0.021825,-0.9413
-1.3786,-0.34734,-0.13666,-0.47505,1.1083,-1.6973,-0.42853,-0.64121
-1.1867,-0.18559,-0.19369,-0.83785,1.084,-1.5595,-0.33364,-0.94081
-1.0321,-0.53051,-0.63791,-0.43384,1.1282,-1.4358,0.055183,-0.76627
-1.0742,-0.24262,-0.28909,-0.28938,0.98349,-1.8992,-0.41734,-1.2053
-0.77605,0.21965,-0.3635,-0.51319,1.1535,-1.8815,-0.051085,-1.3039
-0.99444,-0.036297,-0.1346,-0.47063,1.2467,-1.7931,-0.12686,-0.84576
-0.89514,-0.52384,-0.3147,-0.53132,1.1614,-1.4728,0.0018185,-0.9161
-1.168,-0.36822,-0.29665,-0.67228,1.1749,-1.3445,-0.1578,-0.99679
-0.55821,-0.60569,-0.24784,-0.74382,1.2989,-1.6013,-0.32156,-1.2753
-0.86683,-0.31606,-0.32743,-0.41081,1.1853,-1.6835,0.0067478,-0.95107
-0.78389,-0.21769,-0.3298,-0.38139,1.0538,-1.6078,-0.25775,-1.0535
-0.99105,-0.47147,-0.39677,-0.44974,1.1772,-1.2912,-0.20528,-0.85341
-1.0334,-0.2807,-0.20909,-0.32574,1.0877,-1.6612,-0.020218,-0.95769
-0.93991,-0.32179,-0.44187,-0.49192,0.91902,-1.4961,0.054794,-1.0109
-0.82946,-0.2813,-0.17037,-0.50254,1.4582,-1.7379,-0.18867,-1.0712
-0.73216,0.014479,-0.33538,-0.47325,1.3898,-1.9763,-0.11368,-1.1294
-0.877,-0.013664,-0.47553,-0.55075,1.17,-1.2702,-0.090869,-0.96381
-1.1205,-0.21792,-0.32955,-0.70649,1.2982,-1.7383,7.4887e-05,-1.155
-0.99245,-0.0079005,-0.27049,-0.56105,1.2214,-1.7885,0.069477,-0.7289
-0.65337,-0.21133,-0.56308,-0.11974,1.0181,-1.5952,-0.29724,-0.73042
-0.9871,-0.065167,-0.53761,-0.26539,1.3598,-1.4968,-0.32667,-1.2503
-0.97182,-0.016335,-0.17561,-0.3525,1.1842,-1.6905,0.028269,-0.91304
-1.1154,-0.43167,-0.30348,-0.427,0.95767,-1.4725,-0.21527,-0.97969
-0.74347,-0.4442,-0.33524,-0.76253,1.3159,-1.4646,0.11123,-1.0019
-1.3557,-0.17828,-0.6574,-0.29305,1.5887,-1.3904,-0.47523,-0.95601
-0.99044,-0.21153,-0.31502,-0.12435,1.342,-1.6075,-0.12353,-1.1223
-0.81625,-0.41736,-0.48658,-0.27175,1.3047,-1.7315,0.047446,-1.1333
-0.583,-0.36292,-0.28407,-0.25238,1.1306,-1.3551,-0.2097,-1.0201
-1.0576,-0.045774,-0.69999,-0.16804,0.7793,-1.8594,0.015057,-1.0507
-0.86894,-0.25326,-0.17867,-0.62415,1.0455,-1.5029,-0.13559,-0.96556
-1.0746,-0.37838,-0.30416,0.21639,1.0793,-1.4074,-0.025201,-1.146
-0.86224,-0.40239,-0.42064,-0.54767,1.3709,-1.5142,-0.32144,-1.2837
-0.68555,-0.23332,-0.54178,-0.31182,1.1915,-1.4678,-0.13615,-1.0787
-1.3723,-0.19194,-0.36392,-0.38544,1.299,-1.7068,-0.18152,-0.97994
-0.93214,-0.065366,-0.69428,0.029514,0.96765,-1.1434,-0.3773,-1.1067
-0.72292,-0.42208,-0.49979,-0.3565,1.0036,-1.875,0.15523,-1.4023
-0.67914,-0.50504,-0.2334,-0.59908,1.2354,-1.5638,-0.33981,-0.82472
-0.97467,-0.29745,-0.41703,-0.2526,1.3037,-1.8735,-0.032233,-1.0658
-0.95311,-0.41568,-0.6456,-0.24721,0.93981,-1.3555,-0.066705,-1.0203
-1.0466,-0.11966,-0.27119,-0.60109,1.1225,-1.8135,0.38973,-1.0061
-0.73214,-0.39253,-0.5273,-0.35629,1.3843,-1.65,-0.036831,-1.0205
-0.79918,-0.17957,-0.43091,-0.35467,1.3514,-1.4802,-0.16883,-0.83325
-0.50114,-0.30766,-0.48627,-0.13785,1.1365,-1.4796,0.049041,-1.1697
-1.1457,-0.087416,-0.29965,-0.45576,0.99667,-1.3194,0.13263,-0.70476
-0.76651,-0.091043,-0.58397,-0.21289,1.185,-1.5509,-0.13054,-0.8997
-0.92015,-0.25191,-0.36084,-0.40092,1.1605,-1.3945,-0.13169,-0.91738
-0.72442,-0.66098,-0.33921,-0.57321,0.90637,-1.3229,-0.31804,-0.94443
-0.86875,-0.75426,-0.22287,-0.23897,1.2477,-1.6088,-0.18872,-0.90109
-0.69294,-0.47536,-0.36471,-0.18111,1.1749,-1.1929,-0.35108,-1.0701
-1.0253,-0.035573,-0.16216,-0.097164,0.78908,-1.4369,0.029509,-0.93275
-0.86114,-0.33163,-0.48872,-0.40157,1.3147,-1.678,-0.18931,-1.2194
-0.74594,-0.26781,-0.45121,-0.30571,1.2447,-1.7839,0.064717,-1.1585
-0.76289,-0.26568,-0.49646,-0.12938,1.2025,-1.461,0.065925,-0.76769
-0.92576,0.12562,-0.36331,-0.50201,1.4781,-1.381,0.14135,-1.0698
-0.79061,-0.19704,-0.026151,-0.34193,1.0896,-1.304,-0.34511,-0.89558
-0.61427,-0.18379,-0.27728,-0.23833,1.1057,-1.6216,-0.27259,-0.61542
-0.93995,-0.46681,-0.20337,-0.51746,1.2893,-1.6022,0.0059686,-1.1993
-0.90541,-0.44433,-0.15332,-0.44882,1.4776,-1.3705,-0.088355,-0.80151
-0.91877,-0.29465,-0.56745,-0.075253,1.068,-1.4679,0.10643,-1.0465
-0.80976,-0.33582,-0.69135,-0.24244,1.1508,-1.6897,-0.19254,-0.98653
-1.0628,-0.3495,-0.52231,-0.087163,1.2723,-1.2408,0.25201,-0.90204
-1.0801,-0.089565,-0.37678,-0.13177,1.385,-1.3805,0.0025491,-1.0097
-0.90356,-0.045983,-0.52278,0.12507,1.1035,-1.5168,-0.10714,-0.86641
-0.94719,-0.69123,-0.22364,-0.028108,1.2398,-1.2824,-0.18855,-0.94566
-0.79773,0.024163,-0.29838,-0.28761,1.5663,-1.7684,-0.14884,-0.9151
-0.82212,-0.27759,-0.40465,-0.33646,1.4524,-1.3823,-0.24775,-0.95691
-0.84203,-0.15779,-0.23385,-0.098115,1.5208,-1.0163,-0.20422,-1.0516
-1.1124,-0.30134,-0.45953,-0.080342,1.1352,-1.2853,0.045887,-0.80969
-0.91223,-0.37511,-0.5607,-0.49784,1.5386,-1.251,-0.27806,-0.87808
-0.76339,-0.11494,-0.33093,-0.29481,1.4302,-1.4093,0.037475,-0.81172
-0.69509,-0.43004,-0.61574,-0.43793,1.1596,-0.97624,0.012531,-1.0695
-0.60333,-0.18255,-0.42827,0.035502,1.5525,-1.2996,0.17868,-1.0187
-0.96443,-0.42837,-0.017099,-0.20325,1.6718,-1.5881,-0.25166,-1.0982
-0.69697,-0.34762,-0.36425,-0.089155,1.1709,-1.2977,-0.063449,-1.0453
-0.81748,-0.40112,-0.15403,-0.25593,1.0933,-1.3837,0.098982,-0.90601
-0.96305,-0.35881,-0.37298,-0.35019,1.3081,-1.3093,0.016863,-0.72553
-0.72143,-0.38638,-0.24161,0.013726,1.6075,-1.2671,-0.41853,-1.0214
-1.0245,-0.53075,-0.47433,-0.42088,1.1763,-1.5327,-0.38343,-1.0698
-0.65768,-0.74685,-0.68226,-0.47944,1.2034,-1.3068,0.038383,-1.5327
-0.89442,-0.2658,-0.46328,-0.34644,1.2928,-1.0498,-0.29677,-0.9862
-0.65883,-0.75556,-0.32559,-0.28628,1.4384,-1.2885,0.037448,-0.77976
-0.94357,-0.54795,-0.26277,-0.39425,1.2771,-1.4986,-0.13491,-0.84702
-0.74386,-0.43611,-0.62032,-0.10192,1.322,-1.4095,-0.1947,-1.0285
-0.95794,-0.24652,-0.40754,-0.32623,1.5095,-1.8898,-0.14256,-0.88397
-0.86327,-0.10893,-0.50795,-0.32437,1.3469,-1.2894,-0.40358,-0.82404
-0.69501,-0.32139,-0.73185,-0.42074,1.4516,-1.0414,-0.046159,-0.95045
-0.91305,-0.60579,-0.57116,-0.31924,1.0295,-1.5883,-0.31306,-0.9277
-1.0293,-0.31212,-0.71139,-0.27235,1.1095,-1.3896,-0.40639,-0.90914
-0.74583,-0.4453,-0.41142,-0.23521,1.1401,-1.5797,-0.095887,-0.89224
-0.88793,-0.47858,-0.40795,0.15668,1.6031,-1.1428,-0.0062417,-1.0168
-0.73109,-0.37346,-0.20779,-0.35091,1.5468,-1.2877,0.09515,-1.0269
-0.73575,-0.2196,-0.53796,-0.12562,1.7198,-1.0224,-0.012526,-0.71491
-0.91146,-0.47003,-0.63549,-0.28915,1.0823,-1.2117,-0.04089,-0.93074
-0.77049,-0.18702,-0.80177,0.076585,1.4918,-1.2401,-0.25758,-0.61778
-1.0395,-0.15438,-0.54203,-0.26762,1.2456,-1.3673,-0.2554,-0.80828
-1.0155,0.033224,-0.48005,-0.095683,1.4597,-1.3369,-0.41633,-1.1966
-0.57517,-0.26945,-0.30483,-0.2921,1.0687,-1.3335,-0.32854,-1.1304
-0.5786,-0.088114,-0.33346,-0.11237,1.5337,-1.2352,-0.49968,-0.71395
-0.76753,-0.22265,-0.13854,0.28984,1.4875,-1.251,-0.37052,-1.2826
-0.91655,-0.52755,-0.34416,-0.23939,1.3148,-0.82803,0.075321,-1.1724
-0.51945,-0.39963,-0.28095,-0.099599,1.084,-1.3076,-0.33319,-1.0931
-0.8687,-0.37541,-0.48439,0.053519,1.3478,-1.1056,-0.44446,-1.0514
-1.1072,-0.5156,-0.31033,-0.44452,1.617,-1.3381,-0.31411,-0.7009
-0.94158,-0.33144,-0.2473,0.029155,0.98061,-1.4086,0.054277,-1.1128
-0.91973,-0.28978,-0.55287,-0.19021,1.2074,-1.1196,-0.065684,-0.92512
-1.008,-0.38206,-0.79226,-0.15296,1.2102,-1.2934,0.058023,-0.94518
-0.75209,-0.087926,-0.54126,-0.063613,1.5097,-1.3347,0.014639,-0.85784
-0.91005,-0.54164,-0.49458,0.055536,1.1388,-1.2582,-0.034315,-0.91413
-0.68271,-0.31234,-0.42809,-0.10853,1.5929,-1.0985,-0.21214,-1.1251
-0.76289,-0.23484,-0.65475,-0.2595,1.5467,-1.351,0.10355,-0.91095
-0.93169,-0.48176,-0.66612,-0.26518,1.5495,-1.3225,-0.20441,-0.96398
-0.72979,-0.35847,-0.40623,-0.096421,1.1175,-1.1185,0.18572,-0.92595
-0.51882,-0.26329,-0.84817,-0.14532,1.2944,-1.2139,-0.16558,-0.66822
-1.1642,-0.26943,-0.44547,-0.15671,1.398,-1.1528,-0.13724,-0.95513
-0.85852,-0.23385,-0.66515,-0.21463,1.4529,-1.3023,-0.28727,-0.79029
-0.97096,-0.27493,-0.70407,-0.10168,1.2287,-1.1252,-0.074794,-0.7646
-0.76265,-0.17355,-0.49708,-0.32984,1.4506,-1.0682,-0.53074,-0.76981
-0.80096,-0.21015,-0.56486,-0.33263,1.0111,-1.3012,-0.074186,-0.96748
-0.61383,-0.38672,-0.46292,0.15579,1.6131,-1.0457,-0.15461,-0.73644
-0.78087,-0.19838,-0.24471,-0.079859,1.4405,-0.95613,-0.4315,-0.46344
-0.71165,-0.19308,-0.71969,-0.35838,1.284,-0.94532,0.20707,-0.94925
-0.83849,-0.60486,-0.26886,-0.2892,1.2873,-1.1753,0.01355,-0.83322
-0.6356,0.075665,-0.26809,-0.044191,1.6132,-1.4106,-0.266,-0.90055
-0.623,-0.07215,-0.68019,-0.4579,1.1424,-0.93352,-0.19099,-0.91491
-0.84081,-0.32705,-0.40451,-0.2138,1.3806,-0.90567,-0.042537,-0.93793
-0.93197,-0.20145,-0.40636,-0.29504,1.6051,-0.99206,-0.34325,-0.91508
-1.0545,-0.35606,-0.67622,-0.24959,1.2884,-1.1747,-0.23645,-0.97852
-0.81576,-0.46242,-0.70677,0.057617,1.2101,-0.93845,-0.21618,-0.91014
-1.2455,-0.19732,-0.59523,0.013483,1.4514,-1.0878,0.11506,-0.7674
-0.71616,-0.38028,-0.36415,-0.41652,1.5678,-1.2543,0.15528,-0.92833
-0.89919,-0.6186,-0.54961,-0.1403,1.2613,-1.1868,-0.17833,-0.83665
-0.8418,-0.13515,-0.57845,0.10289,1.1098,-1.2748,-0.18194,-1.0949
-0.76006,-0.7813,-0.37312,-0.29943,1.9035,-1.2892,0.05372,-0.79497
-0.86779,-0.32357,-0.4523,-0.17854,1.2622,-1.2734,-0.086124,-0.72152
-0.64267,-0.37705,-0.58268,-0.061101,1.3635,-1.0684,-0.22087,-0.76249
-0.89808,-0.75616,-0.49681,-0.27838,1.6359,-1.0405,0.099284,-0.74895
-0.7489,-0.0097939,-0.36364,-0.23068,1.4018,-1.1569,-0.40444,-1.0363
-0.9228,-0.54965,-0.35867,-0.21438,1.4486,-0.89189,-0.0053762,-0.70935
-0.89168,-0.70974,-0.47663,-0.17191,1.1999,-1.1827,0.087126,-0.69883
-0.8981,-0.39371,-0.66604,-0.30355,1.2733,-0.7869,-0.32953,-0.8032
-1.0428,-0.35062,-0.52401,-0.092988,1.5305,-1.0979,0.30858,-1.0177
-1.0416,-0.59731,-0.44266,-0.20957,1.3989,-1.2702,0.021874,-0.80116
-0.86926,-0.24039,-0.41792,0.019343,1.2902,-1.2544,-0.17775,-0.71607
-1.0511,-0.28594,-0.67288,-0.1294,1.5514,-0.89015,-0.09596,-0.76761
-1.0469,-0.58029,-0.78508,-0.44991,1.2072,-1.1914,-0.093686,-0.89548
-0.63913,-0.30824,-0.30304,-0.2651,1.3295,-0.9472,-0.12704,-1.0366
-0.71851,-0.1925,-0.25729,-0.25238,1.3489,-1.1272,0.086698,-0.55998
-0.67503,-0.4713,-0.4325,-0.58966,1.1167,-1.1363,-0.091831,-0.65701
-0.7107,-0.36163,-0.46047,-0.29795,1.472,-1.1735,-0.093612,-1.0536
-0.57978,-0.48502,-0.58756,0.0004358,1.4684,-0.93061,-0.061909,-0.67453
-0.852,-0.3382,-0.53128,-0.17183,0.89421,-1.2508,-0.0079364,-0.84058
-1.0397,-0.11541,-0.51737,-0.28134,0.94379,-0.90907,-0.055217,-0.90513
-0.94521,-0.51087,-0.5708,-0.26283,1.2795,-1.1223,4.0571e-05,-0.71538
-0.93278,0.076087,-0.37409,-0.2086,1.3832,-0.92152,-0.13224,-0.45289
-0.89972,-0.2902,-0.54511,-0.1702,1.3232,-1.0493,-0.39649,-1.1156
-1.1735,-0.21489,-0.45786,-0.21022,1.329,-1.059,-0.18016,-0.86029
-0.9779,-0.26399,-0.68195,-0.25647,1.4327,-1.0926,-0.25771,-0.7311
-1.0856,-0.50546,-0.7113,-0.71384,1.269,-0.59974,-0.052871,-0.60009
-1.0906,-0.14726,-0.52866,0.096527,1.3471,-0.99617,-0.14628,-0.72781
-1.0624,-0.18475,-0.67043,-0.11617,1.0419,-1.2682,0.040548,-0.64099
-0.94853,-0.22106,-0.70813,-0.15442,1.5143,-1.0219,-0.2813,-0.62694
-0.6653,-0.36893,-0.54798,-0.58044,1.0837,-0.89719,0.047575,-0.67242
-0.85048,-0.17706,-0.62846,-0.23858,1.4542,-1.2609,0.15397,-0.81385
-0.55292,-0.27176,-0.53901,-0.32306,1.5638,-0.60143,-0.1234,-0.80612
-0.57977,-0.48916,-0.55332,-0.029661,1.3927,-0.93396,-0.13751,-0.97866
-1.2392,-0.48343,-0.67852,-0.44077,1.296,-1.1021,-0.14598,-0.72687
-0.83804,-0.40007,-0.62537,0.062287,0.90922,-0.60676,-0.14655,-0.9064
-0.9156,-0.29965,-0.29397,-0.27149,1.1923,-0.90533,-0.25058,-0.69069
-0.8141,-0.43868,-0.50527,-0.19182,1.4407,-0.86037,-0.46489,-0.74539
-0.99671,-0.46685,-0.58093,-0.11082,1.6234,-1.0266,-0.30531,-0.69993
-0.8256,-0.69776,-0.56195,-0.22642,1.3569,-0.97255,0.1047,-0.92638
-0.79124,-0.39663,-0.74608,-0.11395,1.4407,-0.93095,-0.0080205,-0.98566
-1.0539,-0.13673,-0.3958,-0.31381,1.0573,-1.0204,-0.030992,-1.049
-1.083,-0.49444,-0.66557,-0.26135,1.0551,-1.0253,-0.09518,-0.88356
-0.8233,-0.27817,-0.78286,-0.17948,1.1432,-1.2008,-0.15041,-0.61243
-0.92791,-0.71562,-0.62809,0.01727,1.2844,-0.76536,-0.016467,-0.66301
-0.99959,-0.2965,-0.36773,-0.15754,1.4349,-1.0677,-0.17725,-0.96269
-1.1805,-0.77592,-0.81832,-0.311,1.2425,-0.97525,-0.17522,-0.87261
-0.9697,-0.49988,-0.58588,-0.56835,1.1156,-0.95959,-0.22711,-0.72353
-0.73677,-0.457,-0.54738,-0.17452,1.1807,-0.62907,-0.22969,-0.79099
-1.1178,-0.67122,-0.56784,-0.18171,0.93795,-0.96908,-0.25898,-0.65956
-1.138,-0.5492,-0.71649,0.079674,0.94449,-0.94792,-0.44388,-0.65891
-0.7852,-0.51338,-0.72426,-0.40982,1.1347,-0.68,-0.26723,-0.26207
-1.0156,-0.2163,-0.79768,-0.48222,0.92343,-0.96042,-0.34614,-1.1475
-0.59569,-0.53097,-0.81566,-0.45376,1.1998,-0.8891,-0.25074,-1.0408
-0.84841,-0.43071,-0.74646,-0.51638,1.0832,-0.5708,-0.35505,-0.71673
-1.3526,-0.58216,-0.90135,-0.50085,1.4912,-0.91764,-0.32423,-0.74023
-1.1153,-0.49126,-0.77091,-0.22295,1.4225,-1.0392,-0.33203,-0.8269
-0.79459,-0.60855,-0.69807,-0.10322,1.3187,-0.65267,-0.28958,-0.75346
-1.0121,-0.3223,-0.68286,-0.2665,1.246,-1.0003,0.095937,-0.48651
-0.71143,-0.92012,-0.34756,-0.2213,1.2647,-1.2214,0.00028799,-0.7149
-0.7199,-0.69343,-0.46446,-0.37851,1.0744,-0.8311,-0.20602,-0.55864
-0.886,-0.80769,-0.64919,-0.22137,1.1332,-0.95867,-0.24841,-0.63739
-0.87821,-0.54256,-0.70747,-0.54035,1.3542,-0.78843,0.016303,-0.67529
-0.95291,-0.32523,-0.32105,-0.40424,1.5884,-0.99515,-0.4198,-0.80286
-0.59268,-0.66376,-0.68527,-0.46501,1.2047,-0.50906,0.048027,-0.73827
-0.84236,-0.50586,-0.89647,-0.20476,0.76504,-0.52291,-0.037703,-0.65335
-0.5688,-0.57288,-0.84091,-0.27894,1.0446,-0.8654,-0.33416,-0.73193
-0.6005,-0.59117,-0.71914,-0.16135,1.2541,-0.84574,-0.091884,-0.70355
-0.44789,-0.49102,-0.31683,-0.58946,1.229,-0.8192,-0.2612,-0.68019
-0.65288,-0.46131,-0.72391,-0.42817,1.5425,-0.62617,-0.15463,-0.65993
-0.58152,-0.34189,-0.40913,-0.022514,1.3418,-0.86433,-0.7498,-0.61728
-1.069,-0.31008,-0.71111,-0.55618,1.4763,-0.80252,-0.022314,-0.47946
-0.97589,-0.32338,-0.44455,-0.34904,1.0411,-0.91929,-0.69102,-0.70515
-0.92231,-0.68201,-0.79481,-0.25538,1.163,-1.1256,-0.55955,-0.64188
-0.76801,-0.90532,-0.43874,-0.50576,1.1083,-0.67662,-0.23602,-0.50667
-0.69236,-0.59742,-0.53996,-0.55469,1.1785,-0.57582,-0.078712,-0.79906
-0.83285,-0.32786,-0.81031,-0.25436,1.4127,-0.7921,-0.46523,-0.61212
-0.86257,-0.45164,-0.7111,-0.27836,1.3798,-0.74256,-0.083431,-0.40899
-1.068,-0.45477,-0.64984,-0.096451,1.2343,-0.73811,-0.35141,-0.1579
-1.0393,-0.59732,-0.68324,-0.3791,1.2145,-0.39301,-0.37899,-0.75311
-0.76384,-0.60248,-0.58962,-0.37125,1.226,-0.56606,-0.1916,-0.63964
-0.52373,-0.47595,-0.32704,-0.28834,1.0956,-0.86814,-0.2182,-0.36824
-0.84532,-0.4541,-0.48661,-0.57787,1.2568,-0.94295,-0.14366,-0.60585
-0.74485,-0.27747,-0.73834,-0.34236,1.0142,-0.48408,-0.089324,-0.84801
-0.88344,-0.63255,-0.70294,-0.7357,1.351,-1.0161,-0.017006,-0.66883
-0.82308,-0.53209,-0.52537,-0.55407,1.0953,-0.81932,-0.41901,-0.46174
-0.97114,-0.55915,-0.89133,-0.36676,0.97411,-0.8539,-0.046543,-0.82296
-1.034,-0.63495,-0.7187,-0.18016,1.0108,-0.37536,-0.14435,-0.69117
-0.78104,-0.55454,-0.43129,-0.26601,0.92529,-0.54988,-0.36313,-0.60512
-1.0171,-0.63501,-0.51544,-0.43127,1.196,-0.9368,-0.27353,-0.54638
-0.87395,-0.58573,-0.49667,-0.17708,1.2661,-0.65998,-0.29004,-0.91082
-0.77076,-0.31782,-0.41923,-0.32101,1.0601,-0.65188,-0.18836,-0.64343
-1.2785,-0.77152,-0.83516,-0.42638,1.3463,-0.50337,-0.2213,-0.556
-0.80367,-0.44961,-0.60209,-0.29633,1.2272,-0.80926,-0.11511,-0.87898
-0.87669,-0.36944,-0.633,-0.38465,0.90361,-1.0397,-0.038969,-0.73187
-0.82587,-0.52177,-0.84458,-0.55576,1.1638,-0.51698,0.033608,-0.81371
-0.5721,-0.43578,-0.69369,-0.42809,1.1887,-0.48808,-0.06419,-0.65397
-0.96606,-0.35677,-0.5859,-0.35254,1.1653,-0.73278,-0.13868,-0.74751
-0.97197,-0.40073,-0.88965,-0.21238,1.2043,-0.69903,-0.10209,-0.51599
-0.75092,-0.56365,-0.30624,-0.36641,0.97549,-0.6516,-0.27006,-0.46158
-0.94921,-0.48403,-0.67467,-0.36583,0.8284,-0.91505,-0.3027,-0.39637
-0.83708,-0.31391,-0.89526,-0.40214,1.42,-0.78517,-0.068866,-0.44454
-0.87422,-0.43945,-0.8383,-0.39623,1.0287,-0.61977,-0.25933,-0.64226
-0.86719,-0.71686,-1.0111,-0.32301,1.0984,-0.48955,-0.25398,-0.50857
-0.98257,-0.41387,-0.55431,-0.37456,1.3137,-0.58163,-0.07465,-0.55218
-0.93411,-0.38668,-0.68314,-0.59218,0.72903,-0.75506,-0.47972,-0.4446
-0.90055,-0.4488,-0.66629,-0.65711,0.91707,-0.39202,-0.11452,-0.33209
-0.83128,-0.79757,-0.64222,-0.25998,0.85782,-0.91879,-0.25044,-0.18679
-0.99732,-0.66529,-0.59186,-0.34884,1.179,-0.61277,-0.0019129,-0.5494
-0.91162,-0.39538,-0.74078,-0.45462,1.011,-0.98448,-0.41295,-0.76144
-1.0898,-0.76676,-1.0019,-0.30668,0.94677,-0.91625,-0.36707,-0.28483
-1.1234,-0.11552,-0.85256,-0.36201,0.9763,-0.36232,-0.23289,-0.61143
-1.0659,-0.59638,-0.4426,-0.50116,1.1194,-0.54299,-0.34987,-0.72654
-1.063,-0.11047,-0.71001,0.26106,0.98381,-0.48232,-0.06802,-0.39229
-0.95376,-0.73916,-0.8937,-0.4425,1.0293,-0.56038,-0.24848,-0.62338
-1.1435,-0.59898,-0.78589,-0.39637,1.2403,-0.80105,-0.14491,-0.56447
-0.90599,-0.71167,-0.7641,-0.50293,1.2611,-0.62259,-0.21011,-0.53756
-0.83801,-0.69517,-0.64187,-0.33416,1.1296,-0.73144,-0.39211,-0.34813
-0.53478,-0.48819,-0.60131,-0.32574,0.56715,-0.66822,-0.32004,-0.42953
-0.55594,-0.75743,-0.63809,-0.5625,0.94262,-0.53061,-0.32473,-0.84483
-0.82683,-0.4944,-0.87676,-0.66727,0.87551,-0.81578,-0.20019,-0.25449
-1.2013,-0.52065,-0.40887,-0.28159,1.2641,-0.9862,-0.44665,-0.55763
-0.85646,-0.62055,-0.72097,-0.4608,1.3253,-0.30387,-0.16267,-0.44912
-0.83688,-0.68335,-0.60853,-0.48245,1.1738,-0.54908,-0.39536,-0.54488
-1.075,-0.51827,-0.83066,-0.37532,0.8811,-0.58244,-0.22102,-0.6077
-0.52202,-0.77616,-0.79649,-0.45344,1.1876,-0.39594,-0.24726,-0.52519
-0.85664,-0.9925,-0.72475,-0.63018,0.91648,-0.45536,-0.64445,-0.53454
-0.58726,-0.53912,-0.67503,-0.63148,0.96603,-0.5651,-0.27744,-0.60581
-0.79503,-0.61016,-0.87936,-0.32932,1.041,-0.69918,-0.087807,-0.38891
-0.53106,-0.50996,-0.52719,-0.43724,1.3443,-1.0287,-0.37062,-0.53435
-1.1341,-0.67353,-0.73412,-0.20116,0.79248,-0.82558,-0.07497,-0.52674
-1.1512,-0.41046,-0.765,-0.65381,0.99689,-0.47277,-0.44529,-0.57276
-1.1595,-0.55521,-0.69972,-0.68722,1.0165,-0.70946,-0.48283,-0.45874
-0.96725,-0.62207,-0.60422,-0.5655,1.0422,-0.53776,-0.37876,-0.3795
-1.1047,-0.22852,-0.42786,-0.67385,1.1617,-0.60238,-0.37563,-0.48437
-0.63131,-0.89401,-0.93731,-0.33402,1.0555,-0.5797,-0.70308,-0.54716
-1.168,-0.81102,-0.8655,-0.81569,0.88479,-0.70323,-0.26574,-0.70688
-0.94457,-0.8491,-0.6008,-0.44129,0.86639,-0.27218,-0.16927,-0.40436
-0.99863,-0.48413,-1.0577,-0.51514,1.1198,-0.32833,-0.24847,-0.42557
-1.0918,-0.67511,-0.94666,-0.86943,1.1258,-0.60324,-0.48308,-0.30743
-1.3164,-0.42721,-0.81976,-0.53566,0.81944,-0.42919,-0.39695,-0.37394
